DATE,BTC
1/3/2017,1020.67
1/4/2017,1130.30
1/5/2017,1007.00
1/6/2017,895.71
1/7/2017,909.00
1/8/2017,923.33
1/9/2017,902.66
1/10/2017,907.00
1/11/2017,795.77
1/12/2017,812.25
1/13/2017,831.42
1/14/2017,828.00
1/15/2017,833.31
1/16/2017,834.41
1/17/2017,906.00
1/18/2017,887.99
1/19/2017,902.92
1/20/2017,894.31
1/21/2017,925.06
1/22/2017,931.22
1/23/2017,910.70
1/24/2017,887.00
1/25/2017,896.00
1/26/2017,917.02
1/27/2017,922.63
1/28/2017,924.98
1/29/2017,916.54
1/30/2017,923.23
1/31/2017,970.01
2/1/2017,992.75
2/2/2017,1008.38
2/3/2017,1018.00
2/4/2017,1035.54
2/5/2017,1016.32
2/6/2017,1022.58
2/7/2017,1053.96
2/8/2017,1056.70
2/9/2017,994.24
2/10/2017,1001.99
2/11/2017,1018.65
2/12/2017,1010.00
2/13/2017,1002.82
2/14/2017,1013.92
2/15/2017,1014.53
2/16/2017,1038.94
2/17/2017,1057.30
2/18/2017,1062.15
2/19/2017,1059.88
2/20/2017,1089.82
2/21/2017,1128.29
2/22/2017,1128.71
2/23/2017,1186.90
2/24/2017,1186.91
2/25/2017,1158.00
2/26/2017,1184.91
2/27/2017,1195.81
2/28/2017,1195.08
3/1/2017,1230.00
3/2/2017,1269.17
3/3/2017,1292.86
3/4/2017,1273.97
3/5/2017,1278.98
3/6/2017,1284.99
3/7/2017,1237.36
3/8/2017,1150.22
3/9/2017,1197.30
3/10/2017,1109.01
3/11/2017,1188.11
3/12/2017,1235.58
3/13/2017,1245.49
3/14/2017,1247.42
3/15/2017,1263.00
3/16/2017,1175.11
3/17/2017,1069.57
3/18/2017,970.00
3/19/2017,1019.49
3/20/2017,1044.96
3/21/2017,1114.42
3/22/2017,1034.57
3/23/2017,1025.14
3/24/2017,934.87
3/25/2017,963.72
3/26/2017,973.08
3/27/2017,1042.08
3/28/2017,1045.40
3/29/2017,1043.27
3/30/2017,1042.34
3/31/2017,1088.99
4/1/2017,1092.00
4/2/2017,1113.99
4/3/2017,1152.60
4/4/2017,1143.99
4/5/2017,1132.99
4/6/2017,1192.30
4/7/2017,1194.00
4/8/2017,1184.50
4/9/2017,1210.97
4/10/2017,1210.00
4/11/2017,1223.99
4/12/2017,1214.17
4/13/2017,1177.05
4/14/2017,1173.74
4/15/2017,1178.85
4/16/2017,1177.99
4/17/2017,1189.91
4/18/2017,1201.94
4/19/2017,1214.21
4/20/2017,1236.15
4/21/2017,1249.99
4/22/2017,1247.00
4/23/2017,1251.98
4/24/2017,1257.29
4/25/2017,1281.16
4/26/2017,1298.44
4/27/2017,1349.26
4/28/2017,1353.34
4/29/2017,1365.43
4/30/2017,1384.55
5/1/2017,1436.50
5/2/2017,1471.99
5/3/2017,1533.00
5/4/2017,1563.39
5/5/2017,1551.30
5/6/2017,1585.39
5/7/2017,1609.57
5/8/2017,1713.00
5/9/2017,1720.43
5/10/2017,1794.99
5/11/2017,1837.93
5/12/2017,1695.61
5/13/2017,1792.73
5/14/2017,1799.99
5/15/2017,1747.81
5/16/2017,1777.48
5/17/2017,1813.23
5/18/2017,1899.16
5/19/2017,1976.23
5/20/2017,2058.91
5/21/2017,2057.00
5/22/2017,2123.29
5/23/2017,2272.75
5/24/2017,2432.97
5/25/2017,2355.00
5/26/2017,2272.70
5/27/2017,2099.99
5/28/2017,2232.78
5/29/2017,2279.48
5/30/2017,2191.58
5/31/2017,2303.29
6/1/2017,2419.99
6/2/2017,2478.99
6/3/2017,2548.05
6/4/2017,2521.36
6/5/2017,2698.00
6/6/2017,2871.29
6/7/2017,2685.64
6/8/2017,2799.73
6/9/2017,2811.39
6/10/2017,2931.15
6/11/2017,2998.98
6/12/2017,2655.71
6/13/2017,2709.01
6/14/2017,2432.21
6/15/2017,2409.98
6/16/2017,2480.43
6/17/2017,2634.94
6/18/2017,2515.25
6/19/2017,2596.98
6/20/2017,2725.08
6/21/2017,2643.35
6/22/2017,2679.99
6/23/2017,2690.76
6/24/2017,2574.84
6/25/2017,2505.61
6/26/2017,2407.91
6/27/2017,2575.75
6/28/2017,2553.12
6/29/2017,2530.00
6/30/2017,2455.19
7/1/2017,2423.63
7/2/2017,2516.66
7/3/2017,2542.41
7/4/2017,2602.00
7/5/2017,2616.96
7/6/2017,2604.84
7/7/2017,2501.15
7/8/2017,2561.11
7/9/2017,2508.99
7/10/2017,2331.05
7/11/2017,2310.01
7/12/2017,2383.42
7/13/2017,2340.00
7/14/2017,2217.24
7/15/2017,1964.31
7/16/2017,1911.78
7/17/2017,2235.19
7/18/2017,2308.15
7/19/2017,2258.99
7/20/2017,2873.48
7/21/2017,2657.45
7/22/2017,2825.27
7/23/2017,2754.28
7/24/2017,2762.26
7/25/2017,2564.00
7/26/2017,2525.99
7/27/2017,2664.99
7/28/2017,2786.07
7/29/2017,2700.21
7/30/2017,2723.99
7/31/2017,2856.88
8/1/2017,2732.59
8/2/2017,2699.90
8/3/2017,2787.02
8/4/2017,2857.34
8/5/2017,3243.49
8/6/2017,3222.22
8/7/2017,3398.23
8/8/2017,3422.43
8/9/2017,3342.80
8/10/2017,3444.98
8/11/2017,3656.15
8/12/2017,3874.00
8/13/2017,4060.47
8/14/2017,4320.60
8/15/2017,4159.93
8/16/2017,4370.01
8/17/2017,4280.01
8/18/2017,4101.72
8/19/2017,4157.41
8/20/2017,4050.99
8/21/2017,4002.00
8/22/2017,4092.00
8/23/2017,4143.49
8/24/2017,4312.03
8/25/2017,4360.00
8/26/2017,4344.32
8/27/2017,4340.11
8/28/2017,4384.99
8/29/2017,4599.00
8/30/2017,4581.98
8/31/2017,4743.94
9/1/2017,4947.99
9/2/2017,4649.99
9/3/2017,4626.05
9/4/2017,4498.25
9/5/2017,4432.51
9/6/2017,4616.18
9/7/2017,4624.18
9/8/2017,4350.00
9/9/2017,4334.36
9/10/2017,4251.36
9/11/2017,4210.72
9/12/2017,4164.52
9/13/2017,3855.32
9/14/2017,3250.40
9/15/2017,3740.02
9/16/2017,3726.51
9/17/2017,3719.97
9/18/2017,4100.00
9/19/2017,3910.11
9/20/2017,3872.06
9/21/2017,3617.47
9/22/2017,3619.01
9/23/2017,3787.33
9/24/2017,3669.01
9/25/2017,3919.78
9/26/2017,3885.09
9/27/2017,4200.00
9/28/2017,4189.42
9/29/2017,4156.99
9/30/2017,4339.00
10/1/2017,4394.81
10/2/2017,4392.71
10/3/2017,4307.99
10/4/2017,4214.84
10/5/2017,4320.04
10/6/2017,4362.99
10/7/2017,4425.00
10/8/2017,4603.49
10/9/2017,4769.55
10/10/2017,4750.00
10/11/2017,4814.99
10/12/2017,5440.00
10/13/2017,5624.80
10/14/2017,5819.13
10/15/2017,5693.70
10/16/2017,5754.90
10/17/2017,5594.00
10/18/2017,5574.44
10/19/2017,5704.01
10/20/2017,5989.10
10/21/2017,6024.86
10/22/2017,6005.05
10/23/2017,5905.99
10/24/2017,5525.43
10/25/2017,5739.97
10/26/2017,5891.61
10/27/2017,5780.00
10/28/2017,5752.01
10/29/2017,6140.01
10/30/2017,6124.16
10/31/2017,6445.01
11/1/2017,6783.69
11/2/2017,7039.98
11/3/2017,7170.01
11/4/2017,7412.55
11/5/2017,7392.00
11/6/2017,6969.76
11/7/2017,7126.63
11/8/2017,7467.96
11/9/2017,7156.00
11/10/2017,6577.62
11/11/2017,6346.70
11/12/2017,5886.35
11/13/2017,6535.87
11/14/2017,6605.00
11/15/2017,7294.00
11/16/2017,7838.53
11/17/2017,7714.71
11/18/2017,7777.01
11/19/2017,8031.82
11/20/2017,8256.01
11/21/2017,8109.00
11/22/2017,8250.00
11/23/2017,8031.16
11/24/2017,8215.01
11/25/2017,8795.50
11/26/2017,9401.11
11/27/2017,9768.71
11/28/2017,9949.00
11/29/2017,9935.98
11/30/2017,9903.00
12/1/2017,10869.84
12/2/2017,10930.24
12/3/2017,11290.00
12/4/2017,11643.98
12/5/2017,11718.35
12/6/2017,14090.00
12/7/2017,17390.01
12/8/2017,16367.03
12/9/2017,15309.98
12/10/2017,15290.01
12/11/2017,16885.76
12/12/2017,17730.12
12/13/2017,16689.61
12/14/2017,16749.78
12/15/2017,17738.67
12/16/2017,19650.01
12/17/2017,19378.99
12/18/2017,19039.01
12/19/2017,17838.73
12/20/2017,16496.89
12/21/2017,15758.80
12/22/2017,14210.57
12/23/2017,15075.89
12/24/2017,14221.94
12/25/2017,14171.98
12/26/2017,15790.88
12/27/2017,15367.08
12/28/2017,14450.01
12/29/2017,14565.05
12/30/2017,12839.99
12/31/2017,13863.13
1/1/2018,13480.01
1/2/2018,14781.51
1/3/2018,15098.14
1/4/2018,15144.99
1/5/2018,16960.01
1/6/2018,17098.99
1/7/2018,16174.22
1/8/2018,14993.74
1/9/2018,14480.99
1/10/2018,14875.18
1/11/2018,13308.06
1/12/2018,13820.00
1/13/2018,14187.95
1/14/2018,13656.23
1/15/2018,13590.00
1/16/2018,11570.01
1/17/2018,11200.01
1/18/2018,11305.53
1/19/2018,11498.99
1/20/2018,12762.80
1/21/2018,11518.17
1/22/2018,10766.70
1/23/2018,10824.94
1/24/2018,11356.79
1/25/2018,11118.00
1/26/2018,11086.89
1/27/2018,11319.00
1/28/2018,11536.00
1/29/2018,11123.01
1/30/2018,9995.00
1/31/2018,10099.99
2/1/2018,9014.23
2/2/2018,8787.52
2/3/2018,9240.00
2/4/2018,8167.91
2/5/2018,6905.19
2/6/2018,7688.46
2/7/2018,7575.75
2/8/2018,8218.10
2/9/2018,8671.01
2/10/2018,8547.49
2/11/2018,8072.99
2/12/2018,8872.28
2/13/2018,8520.01
2/14/2018,9472.98
2/15/2018,10031.23
2/16/2018,10167.49
2/17/2018,11121.50
2/18/2018,10380.04
2/19/2018,11140.00
2/20/2018,11235.57
2/21/2018,10454.27
2/22/2018,9830.00
2/23/2018,10144.99
2/24/2018,9688.62
2/25/2018,9597.99
2/26/2018,10300.00
2/27/2018,10566.57
2/28/2018,10307.27
3/1/2018,10895.92
3/2/2018,11000.00
3/3/2018,11432.50
3/4/2018,11469.90
3/5/2018,11377.54
3/6/2018,10700.00
3/7/2018,9920.00
3/8/2018,9304.90
3/9/2018,9255.00
3/10/2018,8795.44
3/11/2018,9533.88
3/12/2018,9120.00
3/13/2018,9145.41
3/14/2018,8207.03
3/15/2018,8259.99
3/16/2018,8275.00
3/17/2018,7865.02
3/18/2018,8192.00
3/19/2018,8589.00
3/20/2018,8900.00
3/21/2018,8891.81
3/22/2018,8715.09
3/23/2018,8927.10
3/24/2018,8531.34
3/25/2018,8453.00
3/26/2018,8145.00
3/27/2018,7793.61
3/28/2018,7942.72
3/29/2018,7079.99
3/30/2018,6848.01
3/31/2018,6928.50
4/1/2018,6816.01
4/2/2018,7045.01
4/3/2018,7424.90
4/4/2018,6791.68
4/5/2018,6785.85
4/6/2018,6619.01
4/7/2018,6894.01
4/8/2018,7020.01
4/9/2018,6771.13
4/10/2018,6824.99
4/11/2018,6942.99
4/12/2018,7916.00
4/13/2018,7893.19
4/14/2018,8003.11
4/15/2018,8355.25
4/16/2018,8048.93
4/17/2018,7892.10
4/18/2018,8152.05
4/19/2018,8274.00
4/20/2018,8866.27
4/21/2018,8915.42
4/22/2018,8795.01
4/23/2018,8931.30
4/24/2018,9650.00
4/25/2018,8865.98
4/26/2018,9272.11
4/27/2018,8922.55
4/28/2018,9329.99
4/29/2018,9389.01
4/30/2018,9243.82
5/1/2018,9072.29
5/2/2018,9190.48
5/3/2018,9725.74
5/4/2018,9685.00
5/5/2018,9800.00
5/6/2018,9600.00
5/7/2018,9356.25
5/8/2018,9177.81
5/9/2018,9300.08
5/10/2018,9010.51
5/11/2018,8403.33
5/12/2018,8475.00
5/13/2018,8686.10
5/14/2018,8670.00
5/15/2018,8477.46
5/16/2018,8344.00
5/17/2018,8059.00
5/18/2018,8238.51
5/19/2018,8235.60
5/20/2018,8516.86
5/21/2018,8393.44
5/22/2018,7987.70
5/23/2018,7505.00
5/24/2018,7584.15
5/25/2018,7459.11
5/26/2018,7337.95
5/27/2018,7346.64
5/28/2018,7107.94
5/29/2018,7460.00
5/30/2018,7380.01
5/31/2018,7485.00
6/1/2018,7514.32
6/2/2018,7636.42
6/3/2018,7706.37
6/4/2018,7487.37
6/5/2018,7612.51
6/6/2018,7655.00
6/7/2018,7684.93
6/8/2018,7618.83
6/9/2018,7496.40
6/10/2018,6770.31
6/11/2018,6881.00
6/12/2018,6544.99
6/13/2018,6302.32
6/14/2018,6638.49
6/15/2018,6391.22
6/16/2018,6484.29
6/17/2018,6447.16
6/18/2018,6709.02
6/19/2018,6736.41
6/20/2018,6756.10
6/21/2018,6719.01
6/22/2018,6059.82
6/23/2018,6178.29
6/24/2018,6149.99
6/25/2018,6246.01
6/26/2018,6074.00
6/27/2018,6132.17
6/28/2018,5851.66
6/29/2018,6202.36
6/30/2018,6383.19
7/1/2018,6349.50
7/2/2018,6611.79
7/3/2018,6502.62
7/4/2018,6587.47
7/5/2018,6532.95
7/6/2018,6600.00
7/7/2018,6753.28
7/8/2018,6701.97
7/9/2018,6664.01
7/10/2018,6303.70
7/11/2018,6390.04
7/12/2018,6249.75
7/13/2018,6216.29
7/14/2018,6248.65
7/15/2018,6348.73
7/16/2018,6728.81
7/17/2018,7315.01
7/18/2018,7378.99
7/19/2018,7470.01
7/20/2018,7334.46
7/21/2018,7408.00
7/22/2018,7397.80
7/23/2018,7720.09
7/24/2018,8385.50
7/25/2018,8157.15
7/26/2018,7931.99
7/27/2018,8184.21
7/28/2018,8228.90
7/29/2018,8216.34
7/30/2018,8170.01
7/31/2018,7727.27
8/1/2018,7603.99
8/2/2018,7533.92
8/3/2018,7414.08
8/4/2018,7005.00
8/5/2018,7030.01
8/6/2018,6938.00
8/7/2018,6718.22
8/8/2018,6282.50
8/9/2018,6546.45
8/10/2018,6146.01
8/11/2018,6235.56
8/12/2018,6316.01
8/13/2018,6253.67
8/14/2018,6195.01
8/15/2018,6269.01
8/16/2018,6315.90
8/17/2018,6585.49
8/18/2018,6396.64
8/19/2018,6489.53
8/20/2018,6258.74
8/21/2018,6475.89
8/22/2018,6359.99
8/23/2018,6526.36
8/24/2018,6690.88
8/25/2018,6737.52
8/26/2018,6709.98
8/27/2018,6911.90
8/28/2018,7071.01
8/29/2018,7030.90
8/30/2018,6983.00
8/31/2018,7015.01
9/1/2018,7191.08
9/2/2018,7295.00
9/3/2018,7256.98
9/4/2018,7360.00
9/5/2018,6687.96
9/6/2018,6495.00
9/7/2018,6395.01
9/8/2018,6188.00
9/9/2018,6235.01
9/10/2018,6300.00
9/11/2018,6282.53
9/12/2018,6326.00
9/13/2018,6485.99
9/14/2018,6478.04
9/15/2018,6518.68
9/16/2018,6498.00
9/17/2018,6250.70
9/18/2018,6335.70
9/19/2018,6386.94
9/20/2018,6493.11
9/21/2018,6750.00
9/22/2018,6707.33
9/23/2018,6696.99
9/24/2018,6582.09
9/25/2018,6436.89
9/26/2018,6455.66
9/27/2018,6680.01
9/28/2018,6620.01
9/29/2018,6581.00
9/30/2018,6605.00
10/1/2018,6572.83
10/2/2018,6498.46
10/3/2018,6466.03
10/4/2018,6547.45
10/5/2018,6593.94
10/6/2018,6552.43
10/7/2018,6570.00
10/8/2018,6608.07
10/9/2018,6589.48
10/10/2018,6524.56
10/11/2018,6154.69
10/12/2018,6188.01
10/13/2018,6196.00
10/14/2018,6183.49
10/15/2018,6440.42
10/16/2018,6457.11
10/17/2018,6443.70
10/18/2018,6394.96
10/19/2018,6382.99
10/20/2018,6414.00
10/21/2018,6415.88
10/22/2018,6407.65
10/23/2018,6395.14
10/24/2018,6415.98
10/25/2018,6395.58
10/26/2018,6404.87
10/27/2018,6409.12
10/28/2018,6403.62
10/29/2018,6266.00
10/30/2018,6267.63
10/31/2018,6304.18
11/1/2018,6344.00
11/2/2018,6349.80
11/3/2018,6331.96
11/4/2018,6423.28
11/5/2018,6404.00
11/6/2018,6448.50
11/7/2018,6503.12
11/8/2018,6406.24
11/9/2018,6334.89
11/10/2018,6347.42
11/11/2018,6357.60
11/12/2018,6327.87
11/13/2018,6259.34
11/14/2018,5605.46
11/15/2018,5579.52
11/16/2018,5512.24
11/17/2018,5504.17
11/18/2018,5560.00
11/19/2018,4733.50
11/20/2018,4349.23
11/21/2018,4545.11
11/22/2018,4265.36
11/23/2018,4283.80
11/24/2018,3774.99
11/25/2018,3936.69
11/26/2018,3731.32
11/27/2018,3775.00
11/28/2018,4225.03
11/29/2018,4248.00
11/30/2018,3976.00
12/1/2018,4142.01
12/2/2018,4103.19
12/3/2018,3833.47
12/4/2018,3901.84
12/5/2018,3694.39
12/6/2018,3433.26
12/7/2018,3380.01
12/8/2018,3401.00
12/9/2018,3531.18
12/10/2018,3410.15
12/11/2018,3349.36
12/12/2018,3430.24
12/13/2018,3265.00
12/14/2018,3195.71
12/15/2018,3183.00
12/16/2018,3195.00
12/17/2018,3496.82
12/18/2018,3667.77
12/19/2018,3682.51
12/20/2018,4075.34
12/21/2018,3839.06
12/22/2018,3980.46
12/23/2018,3944.93
12/24/2018,4034.00
12/25/2018,3780.00
12/26/2018,3809.88
12/27/2018,3589.89
12/28/2018,3888.06
12/29/2018,3729.31
12/30/2018,3829.00
12/31/2018,3691.86
1/1/2019,3826.10
1/2/2019,3890.79
1/3/2019,3787.57
1/4/2019,3820.25
1/5/2019,3798.62
1/6/2019,4040.99
1/7/2019,4006.01
1/8/2019,3993.86
1/9/2019,4004.12
1/10/2019,3626.12
1/11/2019,3635.69
1/12/2019,3619.41
1/13/2019,3514.24
1/14/2019,3664.19
1/15/2019,3580.76
1/16/2019,3609.71
1/17/2019,3640.65
1/18/2019,3607.85
1/19/2019,3682.65
1/20/2019,3536.19
1/21/2019,3531.76
1/22/2019,3577.03
1/23/2019,3553.01
1/24/2019,3568.97
1/25/2019,3562.17
1/26/2019,3556.07
1/27/2019,3531.02
1/28/2019,3429.95
1/29/2019,3397.42
1/30/2019,3437.55
1/31/2019,3411.50
2/1/2019,3437.50
2/2/2019,3468.43
2/3/2019,3414.78
2/4/2019,3409.57
2/5/2019,3428.40
2/6/2019,3367.36
2/7/2019,3359.00
2/8/2019,3621.99
2/9/2019,3623.73
2/10/2019,3648.84
2/11/2019,3590.36
2/12/2019,3588.06
2/13/2019,3576.68
2/14/2019,3561.50
2/15/2019,3566.59
2/16/2019,3582.37
2/17/2019,3625.08
2/18/2019,3867.00
2/19/2019,3888.01
2/20/2019,3938.99
2/21/2019,3897.71
2/22/2019,3942.02
2/23/2019,4110.00
2/24/2019,3734.22
2/25/2019,3818.79
2/26/2019,3799.48
2/27/2019,3799.91
2/28/2019,3792.14
3/1/2019,3806.17
3/2/2019,3809.70
3/3/2019,3786.93
3/4/2019,3700.72
3/5/2019,3844.59
3/6/2019,3851.89
3/7/2019,3857.05
3/8/2019,3843.12
3/9/2019,3917.00
3/10/2019,3900.93
3/11/2019,3849.68
3/12/2019,3860.00
3/13/2019,3851.02
3/14/2019,3853.95
3/15/2019,3902.80
3/16/2019,3990.00
3/17/2019,3967.01
3/18/2019,3970.50
3/19/2019,4000.85
3/20/2019,4031.85
3/21/2019,3972.76
3/22/2019,3983.78
3/23/2019,3983.43
3/24/2019,3969.52
3/25/2019,3907.53
3/26/2019,3921.45
3/27/2019,4026.53
3/28/2019,4011.17
3/29/2019,4091.01
3/30/2019,4094.14
3/31/2019,4094.99
4/1/2019,4137.00
4/2/2019,4901.93
4/3/2019,4975.97
4/4/2019,4906.49
4/5/2019,5040.66
4/6/2019,5049.22
4/7/2019,5194.79
4/8/2019,5285.54
4/9/2019,5187.21
4/10/2019,5318.58
4/11/2019,5041.30
4/12/2019,5078.19
4/13/2019,5066.22
4/14/2019,5164.27
4/15/2019,5029.99
4/16/2019,5202.90
4/17/2019,5227.00
4/18/2019,5280.49
4/19/2019,5290.36
4/20/2019,5319.89
4/21/2019,5297.64
4/22/2019,5387.60
4/23/2019,5532.75
4/24/2019,5441.90
4/25/2019,5134.81
4/26/2019,5159.51
4/27/2019,5170.60
4/28/2019,5155.00
4/29/2019,5148.25
4/30/2019,5270.69
5/1/2019,5321.15
5/2/2019,5390.01
5/3/2019,5657.40
5/4/2019,5770.01
5/5/2019,5715.86
5/6/2019,5687.90
5/7/2019,5748.45
5/8/2019,5948.41
5/9/2019,6153.09
5/10/2019,6343.14
5/11/2019,7219.95
5/12/2019,6979.76
5/13/2019,7824.93
5/14/2019,7990.92
5/15/2019,8203.32
5/16/2019,7878.96
5/17/2019,7363.69
5/18/2019,7262.40
5/19/2019,8200.00
5/20/2019,7999.54
5/21/2019,7951.70
5/22/2019,7626.48
5/23/2019,7881.98
5/24/2019,7994.88
5/25/2019,8067.41
5/26/2019,8760.03
5/27/2019,8783.25
5/28/2019,8686.50
5/29/2019,8660.50
5/30/2019,8273.57
5/31/2019,8550.18
6/1/2019,8558.01
6/2/2019,8741.17
6/3/2019,8015.01
6/4/2019,7688.26
6/5/2019,7766.91
6/6/2019,7812.15
6/7/2019,7992.17
6/8/2019,7938.64
6/9/2019,7623.84
6/10/2019,8046.13
6/11/2019,7918.20
6/12/2019,8169.01
6/13/2019,8256.00
6/14/2019,8693.98
6/15/2019,8861.33
6/16/2019,8996.95
6/17/2019,9346.47
6/18/2019,9089.99
6/19/2019,9283.99
6/20/2019,9542.60
6/21/2019,10175.88
6/22/2019,10658.30
6/23/2019,10808.53
6/24/2019,11040.03
6/25/2019,11736.99
6/26/2019,12902.52
6/27/2019,11127.40
6/28/2019,12317.73
6/29/2019,11913.73
6/30/2019,10778.74
7/1/2019,10570.62
7/2/2019,10885.01
7/3/2019,12022.61
7/4/2019,11130.95
7/5/2019,11038.61
7/6/2019,11187.80
7/7/2019,11478.90
7/8/2019,12298.31
7/9/2019,12559.46
7/10/2019,12083.13
7/11/2019,11323.95
7/12/2019,11811.99
7/13/2019,11408.10
7/14/2019,10190.36
7/15/2019,10855.56
7/16/2019,9436.00
7/17/2019,9708.55
7/18/2019,10654.25
7/19/2019,10548.04
7/20/2019,10754.92
7/21/2019,10633.54
7/22/2019,10304.64
7/23/2019,9833.19
7/24/2019,9751.24
7/25/2019,9880.67
7/26/2019,9841.96
7/27/2019,9468.92
7/28/2019,9549.70
7/29/2019,9503.32
7/30/2019,9580.00
7/31/2019,10099.00
8/1/2019,10417.24
8/2/2019,10533.07
8/3/2019,10820.75
8/4/2019,10997.82
8/5/2019,11775.14
8/6/2019,11440.08
8/7/2019,12014.41
8/8/2019,12017.89
8/9/2019,11889.00
8/10/2019,11283.82
8/11/2019,11531.95
8/12/2019,11387.38
8/13/2019,10855.58
8/14/2019,10105.34
8/15/2019,10280.96
8/16/2019,10368.83
8/17/2019,10218.37
8/18/2019,10309.04
8/19/2019,10935.67
8/20/2019,10770.99
8/21/2019,10137.75
8/22/2019,10088.89
8/23/2019,10415.01
8/24/2019,10156.00
8/25/2019,10148.50
8/26/2019,10373.75
8/27/2019,10170.16
8/28/2019,9710.38
8/29/2019,9525.00
8/30/2019,9580.60
8/31/2019,9593.95
9/1/2019,9769.64
9/2/2019,10405.05
9/3/2019,10628.46
9/4/2019,10585.67
9/5/2019,10574.27
9/6/2019,10318.80
9/7/2019,10484.87
9/8/2019,10395.17
9/9/2019,10310.01
9/10/2019,10090.01
9/11/2019,10169.49
9/12/2019,10437.19
9/13/2019,10381.91
9/14/2019,10360.20
9/15/2019,10306.65
9/16/2019,10268.77
9/17/2019,10185.14
9/18/2019,10155.26
9/19/2019,10304.94
9/20/2019,10168.44
9/21/2019,9982.39
9/22/2019,10035.00
9/23/2019,9683.89
9/24/2019,8556.43
9/25/2019,8446.57
9/26/2019,8063.00
9/27/2019,8193.98
9/28/2019,8228.22
9/29/2019,8063.06
9/30/2019,8305.14
10/1/2019,8323.43
10/2/2019,8396.00
10/3/2019,8241.25
10/4/2019,8159.71
10/5/2019,8152.99
10/6/2019,7862.67
10/7/2019,8224.82
10/8/2019,8186.73
10/9/2019,8600.00
10/10/2019,8589.01
10/11/2019,8263.64
10/12/2019,8304.10
10/13/2019,8280.01
10/14/2019,8363.00
10/15/2019,8156.52
10/16/2019,7993.00
10/17/2019,8077.00
10/18/2019,7954.16
10/19/2019,7965.27
10/20/2019,8235.44
10/21/2019,8214.58
10/22/2019,8008.04
10/23/2019,7473.42
10/24/2019,7439.29
10/25/2019,8704.85
10/26/2019,9281.27
10/27/2019,9570.58
10/28/2019,9221.96
10/29/2019,9431.27
10/30/2019,9175.77
10/31/2019,9146.75
11/1/2019,9268.00
11/2/2019,9320.00
11/3/2019,9215.01
11/4/2019,9414.00
11/5/2019,9314.99
11/6/2019,9343.11
11/7/2019,9196.71
11/8/2019,8758.69
11/9/2019,8798.38
11/10/2019,9036.82
11/11/2019,8720.61
11/12/2019,8823.65
11/13/2019,8765.61
11/14/2019,8630.01
11/15/2019,8460.00
11/16/2019,8488.00
11/17/2019,8500.01
11/18/2019,8160.73
11/19/2019,8123.36
11/20/2019,8082.96
11/21/2019,7618.76
11/22/2019,7296.45
11/23/2019,7338.92
11/24/2019,6906.25
11/25/2019,7125.00
11/26/2019,7155.00
11/27/2019,7539.40
11/28/2019,7413.05
11/29/2019,7751.29
11/30/2019,7551.70
12/1/2019,7413.84
12/2/2019,7315.09
12/3/2019,7296.00
12/4/2019,7185.57
12/5/2019,7388.75
12/6/2019,7560.76
12/7/2019,7502.20
12/8/2019,7520.00
12/9/2019,7332.69
12/10/2019,7215.69
12/11/2019,7275.17
12/12/2019,7194.19
12/13/2019,7249.25
12/14/2019,7059.55
12/15/2019,7111.00
12/16/2019,6877.04
12/17/2019,6618.62
12/18/2019,7309.12
12/19/2019,7153.99
12/20/2019,7189.87
12/21/2019,7143.01
12/22/2019,7550.00
12/23/2019,7318.18
12/24/2019,7259.87
12/25/2019,7194.76
12/26/2019,7195.00
12/27/2019,7247.35
12/28/2019,7303.70
12/29/2019,7378.53
12/30/2019,7191.00
12/31/2019,7158.01
1/1/2020,7174.32
1/2/2020,6945.01
1/3/2020,7335.54
1/4/2020,7353.50
1/5/2020,7348.69
1/6/2020,7773.48
1/7/2020,8169.95
1/8/2020,8035.08
1/9/2020,7813.78
1/10/2020,8183.89
1/11/2020,8002.89
1/12/2020,8192.66
1/13/2020,8109.62
1/14/2020,8757.18
1/15/2020,8831.86
1/16/2020,8727.22
1/17/2020,8875.81
1/18/2020,8901.00
1/19/2020,8710.41
1/20/2020,8633.67
1/21/2020,8730.00
1/22/2020,8665.00
1/23/2020,8386.63
1/24/2020,8424.96
1/25/2020,8304.04
1/26/2020,8632.92
1/27/2020,8903.24
1/28/2020,9417.64
1/29/2020,9270.00
1/30/2020,9493.61
1/31/2020,9343.28
2/1/2020,9375.06
2/2/2020,9314.06
2/3/2020,9282.29
2/4/2020,9158.57
2/5/2020,9623.44
2/6/2020,9765.96
2/7/2020,9804.98
2/8/2020,9911.13
2/9/2020,10174.81
2/10/2020,9854.50
2/11/2020,10279.99
2/12/2020,10344.01
2/13/2020,10239.57
2/14/2020,10380.00
2/15/2020,9901.34
2/16/2020,9915.04
2/17/2020,9711.95
2/18/2020,10191.51
2/19/2020,9591.54
2/20/2020,9610.05
2/21/2020,9697.01
2/22/2020,9668.26
2/23/2020,9964.16
2/24/2020,9668.08
2/25/2020,9301.01
2/26/2020,8776.01
2/27/2020,8816.71
2/28/2020,8713.16
2/29/2020,8552.08
3/1/2020,8490.30
3/2/2020,8923.52
3/3/2020,8769.67
3/4/2020,8765.00
3/5/2020,9053.56
3/6/2020,9162.98
3/7/2020,8885.68
3/8/2020,8068.00
3/9/2020,7945.03
3/10/2020,7887.01
3/11/2020,7957.02
3/12/2020,4980.00
3/13/2020,5592.77
3/14/2020,5182.62
3/15/2020,5327.12
3/16/2020,5074.20
3/17/2020,5361.77
3/18/2020,5426.71
3/19/2020,6219.99
3/20/2020,6215.40
3/21/2020,6168.72
3/22/2020,5791.69
3/23/2020,6583.38
3/24/2020,6742.21
3/25/2020,6752.83
3/26/2020,6772.20
3/27/2020,6320.46
3/28/2020,6269.81
3/29/2020,5897.55
3/30/2020,6401.26
3/31/2020,6434.73
4/1/2020,6719.39
4/2/2020,6789.84
4/3/2020,6727.99
4/4/2020,6896.60
4/5/2020,6779.75
4/6/2020,7320.07
4/7/2020,7204.58
4/8/2020,7343.65
4/9/2020,7294.69
4/10/2020,6892.54
4/11/2020,6891.43
4/12/2020,6860.97
4/13/2020,6871.00
4/14/2020,6865.72
4/15/2020,6576.76
4/16/2020,7123.29
4/17/2020,7055.22
4/18/2020,7271.53
4/19/2020,7125.31
4/20/2020,6832.57
4/21/2020,6845.00
4/22/2020,7143.99
4/23/2020,7479.06
4/24/2020,7514.64
4/25/2020,7535.69
4/26/2020,7765.79
4/27/2020,7773.00
4/28/2020,7774.39
4/29/2020,8789.10
4/30/2020,8652.30
5/1/2020,8813.90
5/2/2020,8992.00
5/3/2020,8917.63
5/4/2020,8900.29
5/5/2020,9037.69
5/6/2020,9132.24
5/7/2020,10007.56
5/8/2020,9790.23
5/9/2020,9554.91
5/10/2020,8773.89
5/11/2020,8557.37
5/12/2020,8809.14
5/13/2020,9335.84
5/14/2020,9815.22
5/15/2020,9331.18
5/16/2020,9353.26
5/17/2020,9700.33
5/18/2020,9733.21
5/19/2020,9783.91
5/20/2020,9497.76
5/21/2020,9039.12
5/22/2020,9173.23
5/23/2020,9166.02
5/24/2020,8673.64
5/25/2020,8892.39
5/26/2020,8836.77
5/27/2020,9200.00
5/28/2020,9593.72
5/29/2020,9426.87
5/30/2020,9684.60
5/31/2020,9435.80
6/1/2020,10212.38
6/2/2020,9509.35
6/3/2020,9672.67
6/4/2020,9799.57
6/5/2020,9568.95
6/6/2020,9665.36
6/7/2020,9764.00
6/8/2020,9833.94
6/9/2020,9778.60
6/10/2020,9899.18
6/11/2020,9258.70
6/12/2020,9466.77
6/13/2020,9477.17
6/14/2020,9315.71
6/15/2020,9437.23
6/16/2020,9534.80
6/17/2020,9460.53
6/18/2020,9368.15
6/19/2020,9285.54
6/20/2020,9361.81
6/21/2020,9279.68
6/22/2020,9700.91
6/23/2020,9623.74
6/24/2020,9284.10
6/25/2020,9232.84
6/26/2020,9157.22
6/27/2020,9001.24
6/28/2020,9122.56
6/29/2020,9191.05
6/30/2020,9129.47
7/1/2020,9239.09
7/2/2020,9088.54
7/3/2020,9050.05
7/4/2020,9138.22
7/5/2020,9088.52
7/6/2020,9331.69
7/7/2020,9263.56
7/8/2020,9436.01
7/9/2020,9230.48
7/10/2020,9298.16
7/11/2020,9235.00
7/12/2020,9313.77
7/13/2020,9230.14
7/14/2020,9258.34
7/15/2020,9194.51
7/16/2020,9130.91
7/17/2020,9147.65
7/18/2020,9174.60
7/19/2020,9221.71
7/20/2020,9161.13
7/21/2020,9396.65
7/22/2020,9546.31
7/23/2020,9612.05
7/24/2020,9553.41
7/25/2020,9709.02
7/26/2020,9944.58
7/27/2020,11108.44
7/28/2020,10952.85
7/29/2020,11100.39
7/30/2020,11139.67
7/31/2020,11372.76
8/1/2020,11805.82
8/2/2020,11050.03
8/3/2020,11235.44
8/4/2020,11198.04
8/5/2020,11737.59
8/6/2020,11766.62
8/7/2020,11598.96
8/8/2020,11780.14
8/9/2020,11692.76
8/10/2020,11896.19
8/11/2020,11387.01
8/12/2020,11563.16
8/13/2020,11824.99
8/14/2020,11785.29
8/15/2020,11854.27
8/16/2020,11924.00
8/17/2020,12325.10
8/18/2020,11983.52
8/19/2020,11764.80
8/20/2020,11856.24
8/21/2020,11526.32
8/22/2020,11675.78
8/23/2020,11650.03
8/24/2020,11762.34
8/25/2020,11324.86
8/26/2020,11460.01
8/27/2020,11341.73
8/28/2020,11540.00
8/29/2020,11468.56
8/30/2020,11724.99
8/31/2020,11665.93
9/1/2020,11911.74
9/2/2020,11390.12
9/3/2020,10225.82
9/4/2020,10225.82
9/5/2020,10152.97
9/6/2020,10255.20
9/7/2020,10389.85
9/8/2020,10123.21
9/9/2020,10235.00
9/10/2020,10345.95
9/11/2020,10399.99
9/12/2020,10444.01
9/13/2020,10336.28
9/14/2020,10679.33
9/15/2020,10789.80
9/16/2020,10953.38
9/17/2020,10947.83
9/18/2020,10942.20
9/19/2020,11075.33
9/20/2020,10911.59
9/21/2020,10425.85
9/22/2020,10529.01
9/23/2020,10230.11
9/24/2020,10741.00
9/25/2020,10693.30
9/26/2020,10730.23
9/27/2020,10792.18
9/28/2020,10681.01
9/29/2020,10845.90
9/30/2020,10783.24
10/1/2020,10598.64
10/2/2020,10577.92
10/3/2020,10545.21
10/4/2020,10662.36
10/5/2020,10800.00
10/6/2020,10594.15
10/7/2020,10671.23
10/8/2020,10926.71
10/9/2020,11059.30
10/10/2020,11303.56
10/11/2020,11370.45
10/12/2020,11534.83
10/13/2020,11434.36
10/14/2020,11426.87
10/15/2020,11509.25
10/16/2020,11329.33
10/17/2020,11365.96
10/18/2020,11516.56
10/19/2020,11765.09
10/20/2020,11917.34
10/21/2020,12836.37
10/22/2020,12977.02
10/23/2020,12943.03
10/24/2020,13120.87
10/25/2020,13050.32
10/26/2020,13072.95
10/27/2020,13698.18
10/28/2020,13280.00
10/29/2020,13460.00
10/30/2020,13582.97
10/31/2020,13745.02
11/1/2020,13784.52
11/2/2020,13573.93
11/3/2020,14050.59
11/4/2020,14160.00
11/5/2020,15636.60
11/6/2020,15596.33
11/7/2020,14814.62
11/8/2020,15487.88
11/9/2020,15334.37
11/10/2020,15325.25
11/11/2020,15723.81
11/12/2020,16319.72
11/13/2020,16339.59
11/14/2020,16093.30
11/15/2020,15946.64
11/16/2020,16714.58
11/17/2020,17660.90
11/18/2020,17802.82
11/19/2020,17804.44
11/20/2020,18702.87
11/21/2020,18710.14
11/22/2020,18477.48
11/23/2020,18391.21
11/24/2020,19185.07
11/25/2020,18706.15
11/26/2020,17173.00
11/27/2020,17156.99
11/28/2020,17718.30
11/29/2020,18238.52
11/30/2020,19727.00
12/1/2020,18763.35
12/2/2020,19245.61
12/3/2020,19430.07
12/4/2020,18692.32
12/5/2020,19156.82
12/6/2020,19397.08
12/7/2020,19202.88
12/8/2020,18311.76
12/9/2020,18550.01
12/10/2020,18286.80
12/11/2020,18048.14
12/12/2020,18826.36
12/13/2020,19133.04
12/14/2020,19288.43
12/15/2020,19451.34
12/16/2020,21384.63
12/17/2020,22830.34
12/18/2020,23169.26
12/19/2020,23814.91
12/20/2020,23451.68
12/21/2020,22777.26
12/22/2020,23839.99
12/23/2020,23196.57
12/24/2020,23740.01
12/25/2020,24736.42
12/26/2020,26519.10
12/27/2020,26320.06
12/28/2020,27044.14
12/29/2020,27407.85
12/30/2020,28934.56
12/31/2020,29026.97
1/1/2021,29391.09
1/2/2021,32244.73
1/3/2021,33134.10
1/4/2021,32127.31
1/5/2021,34131.23
1/6/2021,36979.81
1/7/2021,39573.39
1/8/2021,40666.72
1/9/2021,40346.30
1/10/2021,38242.02
1/11/2021,35474.31
1/12/2021,33968.43
1/13/2021,37520.66
1/14/2021,39171.12
1/15/2021,36868.39
1/16/2021,35869.47
1/17/2021,35931.15
1/18/2021,36765.97
1/19/2021,35673.03
1/20/2021,35570.44
1/21/2021,30647.26
1/22/2021,32885.51
1/23/2021,32021.33
1/24/2021,32250.01
1/25/2021,31979.00
1/26/2021,32579.82
1/27/2021,30552.06
1/28/2021,33484.80
1/29/2021,34330.14
1/30/2021,34229.25
1/31/2021,33076.09
2/1/2021,33457.60
2/2/2021,35511.07
2/3/2021,37769.41
2/4/2021,37070.87
2/5/2021,38376.86
2/6/2021,38995.52
2/7/2021,38888.74
2/8/2021,46674.44
2/9/2021,46595.44
2/10/2021,44887.29
2/11/2021,48121.00
2/12/2021,47524.18
2/13/2021,47274.23
2/14/2021,48703.26
2/15/2021,47911.87
2/16/2021,49257.23
2/17/2021,52269.84
2/18/2021,51644.16
2/19/2021,56029.51
2/20/2021,55960.05
2/21/2021,57538.47
2/22/2021,54130.33
2/23/2021,48972.11
2/24/2021,49789.99
2/25/2021,46927.73
2/26/2021,46360.17
2/27/2021,45973.56
2/28/2021,45352.29
3/1/2021,49652.19
3/2/2021,48368.22
3/3/2021,50164.67
3/4/2021,48327.39
3/5/2021,48908.09
3/6/2021,48986.85
3/7/2021,50858.34
3/8/2021,52472.59
3/9/2021,54999.99
3/10/2021,56046.27
3/11/2021,57911.02
3/12/2021,57174.89
3/13/2021,61130.22
3/14/2021,59192.98
3/15/2021,55430.19
3/16/2021,57126.52
3/17/2021,59221.23
3/18/2021,57562.46
3/19/2021,58001.29
3/20/2021,58051.01
3/21/2021,57402.03
3/22/2021,54230.21
3/23/2021,54268.81
3/24/2021,52294.65
3/25/2021,51386.20
3/26/2021,55314.11
3/27/2021,55932.18
3/28/2021,55821.59
3/29/2021,57630.72
3/30/2021,58800.00
3/31/2021,58837.71
4/1/2021,58768.84
4/2/2021,59019.55
4/3/2021,56731.00
4/4/2021,58266.39
4/5/2021,59200.00
4/6/2021,58018.31
4/7/2021,55962.11
4/8/2021,58108.65
4/9/2021,58126.14
4/10/2021,60039.35
4/11/2021,60133.37
4/12/2021,59903.04
4/13/2021,63660.94
4/14/2021,63283.43
4/15/2021,63346.93
4/16/2021,61486.08
4/17/2021,60199.33
4/18/2021,56351.20
4/19/2021,55797.39
4/20/2021,56514.90
4/21/2021,53919.48
4/22/2021,51653.27
4/23/2021,51231.69
4/24/2021,50167.50
4/25/2021,49272.06
4/26/2021,53969.71
4/27/2021,55120.81
4/28/2021,54964.11
4/29/2021,53562.87
4/30/2021,57640.17
5/1/2021,57868.94
5/2/2021,56631.64
5/3/2021,57213.29
5/4/2021,53128.68
5/5/2021,57518.01
5/6/2021,56485.77
5/7/2021,57373.88
5/8/2021,59045.17
5/9/2021,58410.34
5/10/2021,55936.77
5/11/2021,56719.00
5/12/2021,49095.57
5/13/2021,49635.45
5/14/2021,49923.92
5/15/2021,46984.74
5/16/2021,46523.31
5/17/2021,43768.74
5/18/2021,42989.80
5/19/2021,37236.61
5/20/2021,40749.78
5/21/2021,37425.00
5/22/2021,37383.34
5/23/2021,34927.40
5/24/2021,38725.06
5/25/2021,38370.00
5/26/2021,39213.41
5/27/2021,38368.17
5/28/2021,35770.00
5/29/2021,34621.64
5/30/2021,35545.27
5/31/2021,37153.71
6/1/2021,36764.58
6/2/2021,37501.36
6/3/2021,39215.09
6/4/2021,36895.48
6/5/2021,35565.00
6/6/2021,35873.42
6/7/2021,33816.09
6/8/2021,33432.26
6/9/2021,37357.02
6/10/2021,36717.51
6/11/2021,37282.15
6/12/2021,35609.66
6/13/2021,39122.03
6/14/2021,40496.92
6/15/2021,40093.93
6/16/2021,38394.40
6/17/2021,38027.63
6/18/2021,35777.39
6/19/2021,35498.24
6/20/2021,35565.82
6/21/2021,31686.69
6/22/2021,32508.26
6/23/2021,33688.35
6/24/2021,34695.34
6/25/2021,31704.87
6/26/2021,32265.95
6/27/2021,34596.99
6/28/2021,34541.80
6/29/2021,35928.75
6/30/2021,34995.83
7/1/2021,33538.49
7/2/2021,33832.49
7/3/2021,34633.93
7/4/2021,35126.90
7/5/2021,33673.22
7/6/2021,34193.90
7/7/2021,33791.00
7/8/2021,32878.23
7/9/2021,33766.87
7/10/2021,33547.19
7/11/2021,34236.21
7/12/2021,33096.86
7/13/2021,32768.54
7/14/2021,32817.18
7/15/2021,31891.09
7/16/2021,31408.78
7/17/2021,31503.78
7/18/2021,31753.02
7/19/2021,30849.90
7/20/2021,29788.61
7/21/2021,32086.04
7/22/2021,32327.95
7/23/2021,33700.00
7/24/2021,34275.43
7/25/2021,35368.57
7/26/2021,37269.12
7/27/2021,39381.82
7/28/2021,40031.56
7/29/2021,40024.94
7/30/2021,42188.95
7/31/2021,41472.42
8/1/2021,39816.76
8/2/2021,39146.69
8/3/2021,38207.27
8/4/2021,39730.00
8/5/2021,40893.75
8/6/2021,42827.76
8/7/2021,44488.87
8/8/2021,43933.26
8/9/2021,46208.50
8/10/2021,45565.76
8/11/2021,45482.95
8/12/2021,44454.37
8/13/2021,47765.41
8/14/2021,47134.61
8/15/2021,47090.00
8/16/2021,45930.71
8/17/2021,44718.51
8/18/2021,44735.20
8/19/2021,46736.74
8/20/2021,49350.99
8/21/2021,48896.95
8/22/2021,49328.47
8/23/2021,49464.66
8/24/2021,47770.40
8/25/2021,48985.05
8/26/2021,46770.60
8/27/2021,49082.04
8/28/2021,48963.41
8/29/2021,48770.78
8/30/2021,46924.16
8/31/2021,47065.73
9/1/2021,48889.19
9/2/2021,49273.33
9/3/2021,49919.31
9/4/2021,49949.07
9/5/2021,51782.76
9/6/2021,52691.20
9/7/2021,46943.82
9/8/2021,46022.48
9/9/2021,46414.58
9/10/2021,44897.75
9/11/2021,45127.48
9/12/2021,46010.13
9/13/2021,44969.02
9/14/2021,47096.48
9/15/2021,48106.71
9/16/2021,47772.70
9/17/2021,47337.80
9/18/2021,48300.04
9/19/2021,47270.75
9/20/2021,42991.14
9/21/2021,40656.13
9/22/2021,43544.09
9/23/2021,44892.71
9/24/2021,42816.65
9/25/2021,42682.26
9/26/2021,43142.04
9/27/2021,42214.52
9/28/2021,41006.19
9/29/2021,41522.49
9/30/2021,43834.03
10/1/2021,48145.34
10/2/2021,47692.85
10/3/2021,48179.83
10/4/2021,49248.68
10/5/2021,51441.74
10/6/2021,55278.64
10/7/2021,53844.74
10/8/2021,53983.21
10/9/2021,54951.30
10/10/2021,54655.30
10/11/2021,57440.05
10/12/2021,56019.29
10/13/2021,57372.59
10/14/2021,57327.09
10/15/2021,61682.48
10/16/2021,60880.85
10/17/2021,61541.01
10/18/2021,62036.95
10/19/2021,64353.53
10/20/2021,66005.17
10/21/2021,62152.09
10/22/2021,60671.75
10/23/2021,61308.09
10/24/2021,60889.41
10/25/2021,63102.83
10/26/2021,60341.21
10/27/2021,58517.61
10/28/2021,60577.62
10/29/2021,62316.40
10/30/2021,62062.88
10/31/2021,61333.45
11/1/2021,60950.00
11/2/2021,63357.20
11/3/2021,62944.40
11/4/2021,61499.24
11/5/2021,61000.01
11/6/2021,61539.30
11/7/2021,63433.66
11/8/2021,67510.06
11/9/2021,66967.98
11/10/2021,64896.86
11/11/2021,64793.69
11/12/2021,64158.51
11/13/2021,64482.54
11/14/2021,65714.05
11/15/2021,63441.68
11/16/2021,60147.32
11/17/2021,60314.28
11/18/2021,57017.38
11/19/2021,58187.85
11/20/2021,59771.71
11/21/2021,58742.90
11/22/2021,56254.57
11/23/2021,57599.99
11/24/2021,57255.24
11/25/2021,59022.44
11/26/2021,53839.39
11/27/2021,54665.93
11/28/2021,57471.87
11/29/2021,57828.33
11/30/2021,56879.47
12/1/2021,57228.47
12/2/2021,56566.29
12/3/2021,53681.96
12/4/2021,49335.00
12/5/2021,49511.76
12/6/2021,50588.91
12/7/2021,50676.09
12/8/2021,50531.51
12/9/2021,47639.07
12/10/2021,47268.48
12/11/2021,49432.46
12/12/2021,50065.39
12/13/2021,46639.86
12/14/2021,48343.16
12/15/2021,48885.97
12/16/2021,47605.48
12/17/2021,46240.15
12/18/2021,46813.13
12/19/2021,46683.77
12/20/2021,46963.71
12/21/2021,48954.47
12/22/2021,48646.94
12/23/2021,50840.46
12/24/2021,50815.70
12/25/2021,50395.07
12/26/2021,50841.73
12/27/2021,50663.26
12/28/2021,47594.55
12/29/2021,46518.80
12/30/2021,47097.85
12/31/2021,46244.63
1/1/2022,47748.83
1/2/2022,47258.52
1/3/2022,46519.76
1/4/2022,45889.40
1/5/2022,43422.85
1/6/2022,43133.33
1/7/2022,41656.16
1/8/2022,41667.48
1/9/2022,41838.78
1/10/2022,41872.47
1/11/2022,42771.24
1/12/2022,43884.25
1/13/2022,42617.64
1/14/2022,43158.68
1/15/2022,43082.34
1/16/2022,43137.67
1/17/2022,42285.47
1/18/2022,42411.61
1/19/2022,41723.49
1/20/2022,40696.22
1/21/2022,36513.29
1/22/2022,35108.16
1/23/2022,36233.04
1/24/2022,36643.49
1/25/2022,36976.64
1/26/2022,36838.90
1/27/2022,37139.68
1/28/2022,37677.80
1/29/2022,38166.62
1/30/2022,37918.60
1/31/2022,38430.30
2/1/2022,38745.11
2/2/2022,36905.98
2/3/2022,37238.31
2/4/2022,41545.39
2/5/2022,41447.50
2/6/2022,42496.61
2/7/2022,43897.96
2/8/2022,44147.59
2/9/2022,44402.94
2/10/2022,43477.29
2/11/2022,42391.54
2/12/2022,42217.48
2/13/2022,42097.33
2/14/2022,42572.56
2/15/2022,44469.73
2/16/2022,43897.22
2/17/2022,40553.82
2/18/2022,39993.11
2/19/2022,40089.18
2/20/2022,38426.40
2/21/2022,37075.40
2/22/2022,38261.46
2/23/2022,37225.00
2/24/2022,38367.61
2/25/2022,39212.80
2/26/2022,39138.21
2/27/2022,37700.00
2/28/2022,43206.02
3/1/2022,44412.20
3/2/2022,43862.75
3/3/2022,42432.00
3/4/2022,39205.77
3/5/2022,39390.89
3/6/2022,38432.11
3/7/2022,38004.69
3/8/2022,38724.21
3/9/2022,41985.86
3/10/2022,39454.87
3/11/2022,38670.76
3/12/2022,38767.98
3/13/2022,37780.14
3/14/2022,39644.88
3/15/2022,39361.36
3/16/2022,41109.85
3/17/2022,40964.07
3/18/2022,41806.03
3/19/2022,42219.55
3/20/2022,41271.13
3/21/2022,41009.98
3/22/2022,42359.88
3/23/2022,42940.28
3/24/2022,43979.48
3/25/2022,44355.11
3/26/2022,44548.42
3/27/2022,46819.78
3/28/2022,47191.31
3/29/2022,47430.74
3/30/2022,47022.82
3/31/2022,45475.83
4/1/2022,46222.43
4/2/2022,45871.46
4/3/2022,46358.05
4/4/2022,46568.89
4/5/2022,45449.25
4/6/2022,43206.04
4/7/2022,43432.08
4/8/2022,42281.50
4/9/2022,42773.37
4/10/2022,42177.20
4/11/2022,39615.20
4/12/2022,40105.20
4/13/2022,41101.04
4/14/2022,39910.05
4/15/2022,40566.60
4/16/2022,40378.25
4/17/2022,39670.73
4/18/2022,40817.48
4/19/2022,41480.25
4/20/2022,41350.25
4/21/2022,40464.52
4/22/2022,39708.20
4/23/2022,39468.10
4/24/2022,39489.71
4/25/2022,40490.41
4/26/2022,38102.78
4/27/2022,39188.42
4/28/2022,39737.71
4/29/2022,38597.17
4/30/2022,37658.53
5/1/2022,38496.42
5/2/2022,38488.36
5/3/2022,37708.41
5/4/2022,39671.83
5/5/2022,36516.79
5/6/2022,36013.22
5/7/2022,35445.54
5/8/2022,34089.76
5/9/2022,30176.73
5/10/2022,30961.83
5/11/2022,29027.82
5/12/2022,28959.93
5/13/2022,29292.40
5/14/2022,30012.62
5/15/2022,31258.75
5/16/2022,29854.67
5/17/2022,30391.04
5/18/2022,28762.93
5/19/2022,30258.84
5/20/2022,29138.15
5/21/2022,29426.60
5/22/2022,30221.12
5/23/2022,29095.68
5/24/2022,29605.66
5/25/2022,29487.83
5/26/2022,29160.96
5/27/2022,28608.55
5/28/2022,28974.30
5/29/2022,29441.17
5/30/2022,31691.54
5/31/2022,31804.27
6/1/2022,29779.16
6/2/2022,30428.98
6/3/2022,29684.67
6/4/2022,29832.02
6/5/2022,29893.98
6/6/2022,31324.88
6/7/2022,31073.76
6/8/2022,30195.33
6/9/2022,30070.71
6/10/2022,29061.88
6/11/2022,28381.45
6/12/2022,26633.35
6/13/2022,22333.00
6/14/2022,22122.57
6/15/2022,22544.07
6/16/2022,20336.62
6/17/2022,20421.22
6/18/2022,18989.21
6/19/2022,20520.28
6/20/2022,20534.33
6/21/2022,20675.12
6/22/2022,19997.23
6/23/2022,21121.55
6/24/2022,21206.32
6/25/2022,21474.76
6/26/2022,21025.22
6/27/2022,20718.74
6/28/2022,20251.34
6/29/2022,20094.43
6/30/2022,19837.58
7/1/2022,19270.30
7/2/2022,19210.52
7/3/2022,19283.07
7/4/2022,20205.89
7/5/2022,20171.10
7/6/2022,20556.80
7/7/2022,21657.39
7/8/2022,21582.54
7/9/2022,21573.37
7/10/2022,20806.95
7/11/2022,19942.91
7/12/2022,19302.71
7/13/2022,20206.62
7/14/2022,20583.48
7/15/2022,20838.39
7/16/2022,21195.28
7/17/2022,20762.12
7/18/2022,22368.75
7/19/2022,23410.92
7/20/2022,23237.11
7/21/2022,23140.92
7/22/2022,22706.35
7/23/2022,22457.13
7/24/2022,22592.39
7/25/2022,21248.31
7/26/2022,21277.30
7/27/2022,22986.74
7/28/2022,23875.62
7/29/2022,23817.50
7/30/2022,23643.31
7/31/2022,23296.14
8/1/2022,23250.19
8/2/2022,23005.22
8/3/2022,22820.48
8/4/2022,22604.63
8/5/2022,23285.14
8/6/2022,22960.16
8/7/2022,23187.41
8/8/2022,23824.90
8/9/2022,23138.91
8/10/2022,23982.75
8/11/2022,23956.28
8/12/2022,24398.29
8/13/2022,24447.08
8/14/2022,24301.71
8/15/2022,24092.27
8/16/2022,23861.80
8/17/2022,23357.89
8/18/2022,23175.90
8/19/2022,20850.04
8/20/2022,21151.45
8/21/2022,21513.86
8/22/2022,21403.82
8/23/2022,21529.34
8/24/2022,21358.67
8/25/2022,21518.35
8/26/2022,20230.18
8/27/2022,20018.43
8/28/2022,19582.83
8/29/2022,20291.07
8/30/2022,19835.70
8/31/2022,20025.48
9/1/2022,20112.51
9/2/2022,19946.87
9/3/2022,19840.11
9/4/2022,20006.54
9/5/2022,19807.74
9/6/2022,18777.00
9/7/2022,19286.23
9/8/2022,19320.01
9/9/2022,21355.55
9/10/2022,21660.39
9/11/2022,21818.08
9/12/2022,22412.60
9/13/2022,20164.09
9/14/2022,20216.63
9/15/2022,19690.75
9/16/2022,19784.17
9/17/2022,20117.18
9/18/2022,19425.05
9/19/2022,19553.10
9/20/2022,18869.22
9/21/2022,18488.54
9/22/2022,19402.35
9/23/2022,19304.43
9/24/2022,18944.06
9/25/2022,18788.61
9/26/2022,19224.81
9/27/2022,19072.97
9/28/2022,19407.62
9/29/2022,19610.61
9/30/2022,19415.80
10/1/2022,19308.76
10/2/2022,19072.29
10/3/2022,19640.84
10/4/2022,20344.37
10/5/2022,20152.33
10/6/2022,19962.19
10/7/2022,19524.22
10/8/2022,19409.72
10/9/2022,19437.02
10/10/2022,19104.67
10/11/2022,19069.69
10/12/2022,19157.32
10/13/2022,19382.53
10/14/2022,19187.64
10/15/2022,19074.41
10/16/2022,19270.79
10/17/2022,19565.96
10/18/2022,19334.77
10/19/2022,19122.17
10/20/2022,19046.77
10/21/2022,19172.57
10/22/2022,19210.62
10/23/2022,19563.50
10/24/2022,19332.45
10/25/2022,20113.74
10/26/2022,20760.56
10/27/2022,20287.17
10/28/2022,20594.01
10/29/2022,20831.19
10/30/2022,20634.95
10/31/2022,20472.79
11/1/2022,20479.49
11/2/2022,20148.56
11/3/2022,20205.32
11/4/2022,21157.96
11/5/2022,21304.72
11/6/2022,20912.34
11/7/2022,20578.77
11/8/2022,18561.60
11/9/2022,15850.62
11/10/2022,17573.15
