DATE,USD,INF
1/3/2017,119.0881,2.1
1/4/2017,118.8785,2.12
1/5/2017,117.9987,2.07
1/6/2017,118.3476,2.08
1/9/2017,118.4089,2.05
1/10/2017,118.5365,2.06
1/11/2017,119.0197,2.13
1/12/2017,117.7984,2.09
1/13/2017,117.9865,2.13
1/16/2017,117.9865,2.13
1/17/2017,117.2644,2.1
1/18/2017,117.7232,2.14
1/19/2017,118.3174,2.18
1/20/2017,118.3174,2.16
1/23/2017,117.2477,2.18
1/24/2017,117.0513,2.19
1/25/2017,116.9353,2.2
1/26/2017,117.2761,2.22
1/27/2017,117.0725,2.2
1/30/2017,116.7311,2.19
1/31/2017,116.2235,2.16
2/1/2017,116.391,2.18
2/2/2017,115.902,2.17
2/3/2017,115.6244,2.19
2/6/2017,116.0489,2.13
2/7/2017,116.4069,2.13
2/8/2017,116.1371,2.1
2/9/2017,116.3044,2.12
2/10/2017,116.1461,2.15
2/13/2017,116.3407,2.13
2/14/2017,116.3925,2.15
2/15/2017,116.2139,2.19
2/16/2017,116.0046,2.14
2/17/2017,116.4014,2.17
2/20/2017,116.4014,2.17
2/21/2017,116.59,2.19
2/22/2017,116.2112,2.16
2/23/2017,115.6503,2.16
2/24/2017,115.8119,2.1
2/27/2017,115.6739,2.16
2/28/2017,116.0011,2.15
3/1/2017,116.4353,2.22
3/2/2017,116.84,2.18
3/3/2017,116.6408,2.16
3/6/2017,116.4283,2.12
3/7/2017,116.4272,2.14
3/8/2017,116.8719,2.12
3/9/2017,116.9931,2.11
3/10/2017,116.6132,2.12
3/13/2017,116.3978,2.16
3/14/2017,116.5618,2.1
3/15/2017,116.3555,2.18
3/16/2017,115.4432,2.17
3/17/2017,115.276,2.13
3/20/2017,115.0402,2.14
3/21/2017,114.8099,2.16
3/22/2017,114.7917,2.15
3/23/2017,114.7881,2.15
3/24/2017,114.6352,2.23
3/27/2017,114.2332,2.19
3/28/2017,114.4173,2.21
3/29/2017,114.7141,2.16
3/30/2017,114.5218,2.11
3/31/2017,114.7914,2.17
4/3/2017,114.8707,2.19
4/4/2017,115.0011,2.15
4/5/2017,114.9468,2.17
4/6/2017,115.0155,2.19
4/7/2017,115.0515,2.18
4/10/2017,115.1068,2.17
4/11/2017,115.0061,2.12
4/12/2017,114.9133,2.11
4/13/2017,114.5029,2.1
4/14/2017,114.5339,2.1
4/17/2017,114.3257,2.07
4/18/2017,114.2559,2.05
4/19/2017,114.7914,2.04
4/20/2017,114.6198,1.88
4/21/2017,114.8118,1.89
4/24/2017,114.3652,1.93
4/25/2017,114.5113,1.97
4/26/2017,114.948,1.97
4/27/2017,114.9951,2.01
4/28/2017,114.7882,2.03
5/1/2017,114.5924,2.04
5/2/2017,114.6797,1.99
5/3/2017,114.664,1.98
5/4/2017,114.9084,2
5/5/2017,114.7734,1.97
5/8/2017,115.0903,1.97
5/9/2017,115.3938,1.98
5/10/2017,115.1146,1.92
5/11/2017,115.0669,1.94
5/12/2017,114.7479,1.93
5/15/2017,114.3504,1.9
5/16/2017,113.9924,1.9
5/17/2017,113.7512,1.86
5/18/2017,114.2701,1.88
5/19/2017,113.7014,1.89
5/22/2017,113.5456,1.89
5/23/2017,113.6874,1.89
5/24/2017,113.6757,1.89
5/25/2017,113.3726,1.9
5/26/2017,113.4838,1.89
5/29/2017,113.4838,1.89
5/30/2017,113.5557,1.89
5/31/2017,113.2962,1.9
6/1/2017,113.302,1.89
6/2/2017,113.1915,1.86
6/5/2017,112.9761,1.86
6/6/2017,112.7099,1.83
6/7/2017,112.8197,1.87
6/8/2017,112.8354,1.87
6/9/2017,112.9556,1.88
6/12/2017,112.9831,1.83
6/13/2017,112.6261,1.83
6/14/2017,112.0727,1.83
6/15/2017,112.8699,1.78
6/16/2017,112.6145,1.78
6/19/2017,112.7563,1.78
6/20/2017,113.2685,1.78
6/21/2017,113.3318,1.78
6/22/2017,113.1642,1.81
6/23/2017,112.8657,1.81
6/26/2017,112.7623,1.81
6/27/2017,112.5494,1.8
6/28/2017,112.0744,1.81
6/29/2017,111.9981,1.82
6/30/2017,111.9897,1.83
7/3/2017,112.4268,1.84
7/4/2017,112.4268,1.84
7/5/2017,112.6534,1.85
7/6/2017,112.42,1.86
7/7/2017,112.3132,1.83
7/10/2017,112.158,1.84
7/11/2017,112.1427,1.89
7/12/2017,111.5892,1.89
7/13/2017,111.5352,1.9
7/14/2017,110.9066,1.9
7/17/2017,110.9296,1.9
7/18/2017,110.4349,1.9
7/19/2017,110.4329,1.87
7/20/2017,110.2504,1.92
7/21/2017,110.1902,1.9
7/24/2017,110.1998,1.94
7/25/2017,110.2831,1.95
7/26/2017,110.3805,1.94
7/27/2017,110.2154,1.98
7/28/2017,109.9197,1.98
7/31/2017,109.8181,1.97
8/1/2017,109.8498,1.96
8/2/2017,109.7508,1.95
8/3/2017,109.8336,1.94
8/4/2017,110.2807,1.95
8/7/2017,110.373,1.95
8/8/2017,110.3956,1.97
8/9/2017,110.367,1.94
8/10/2017,110.1884,1.92
8/11/2017,110.0421,1.94
8/14/2017,110.0947,1.95
8/15/2017,110.4839,1.93
8/16/2017,110.4385,1.94
8/17/2017,110.1666,1.93
8/18/2017,110.04,1.91
8/21/2017,109.7342,1.91
8/22/2017,109.8373,1.93
8/23/2017,109.8082,1.92
8/24/2017,109.7511,1.9
8/25/2017,109.3405,1.93
8/28/2017,109.181,1.94
8/29/2017,109.0944,1.94
8/30/2017,109.4047,1.95
8/31/2017,109.3676,1.94
9/1/2017,109.0492,1.95
9/4/2017,109.0492,1.95
9/5/2017,108.8654,1.96
9/6/2017,108.4885,1.96
9/7/2017,107.9211,1.97
9/8/2017,107.8071,1.99
9/11/2017,108.1518,2.03
9/12/2017,108.3233,2.01
9/13/2017,108.6618,2.02
9/14/2017,108.6175,2
9/15/2017,108.315,1.98
9/18/2017,108.6402,2
9/19/2017,108.6147,2
9/20/2017,108.4336,1.99
9/21/2017,108.9274,1.96
9/22/2017,108.7548,1.97
9/25/2017,109.3307,1.96
9/26/2017,109.7772,1.96
9/27/2017,110.0726,2
9/28/2017,110.2425,2.01
9/29/2017,110.0876,2
10/2/2017,110.3688,1.93
10/3/2017,110.3284,2
10/4/2017,110.2427,1.97
10/5/2017,110.5821,1.98
10/6/2017,110.7839,1.96
10/9/2017,110.7839,1.96
10/10/2017,110.3037,2.01
10/11/2017,110.3042,2.03
10/12/2017,110.3156,1.99
10/13/2017,110.2678,1.99
10/16/2017,110.5443,2.02
10/17/2017,110.9149,1.95
10/18/2017,110.7218,1.99
10/19/2017,110.4583,2.02
10/20/2017,111.0382,1.98
10/23/2017,111.2144,2.03
10/24/2017,111.4036,2.01
10/25/2017,111.3921,2.02
10/26/2017,111.643,2.02
10/27/2017,112.1504,2
10/30/2017,111.9022,1.97
10/31/2017,111.8068,1.97
11/1/2017,111.7955,2.05
11/2/2017,111.5479,1.95
11/3/2017,111.9388,1.98
11/6/2017,111.7203,1.95
11/7/2017,111.9453,1.96
11/8/2017,111.6938,1.97
11/9/2017,111.5632,1.94
11/10/2017,111.5632,1.98
11/13/2017,111.784,1.97
11/14/2017,111.5107,1.95
11/15/2017,111.4822,1.92
11/16/2017,111.2579,1.89
11/17/2017,111.0028,1.97
11/20/2017,111.261,1.96
11/21/2017,110.9836,1.93
11/22/2017,110.5642,1.93
11/23/2017,110.5642,1.93
11/24/2017,110.0266,1.97
11/27/2017,110.1149,1.97
11/28/2017,110.3027,1.99
11/29/2017,110.3281,1.99
11/30/2017,110.4669,1.99
12/1/2017,110.1432,2
12/4/2017,110.3984,1.98
12/5/2017,110.4917,2.03
12/6/2017,110.8724,1.98
12/7/2017,111.0196,2
12/8/2017,111.2288,2.05
12/11/2017,111.0843,2
12/12/2017,111.523,2
12/13/2017,111.2777,2.02
12/14/2017,111.0914,1.98
12/15/2017,111.1302,1.99
12/18/2017,110.9107,2.07
12/19/2017,111.1277,2.08
12/20/2017,110.8384,2.1
12/21/2017,110.8806,2.02
12/22/2017,111.1018,2.06
12/25/2017,111.1018,2.06
12/26/2017,110.9779,2.12
12/27/2017,110.8576,2.06
12/28/2017,110.5178,2.06
12/29/2017,110.0808,2.06
1/1/2018,110.0808,2.06
1/2/2018,109.6469,2.1
1/3/2018,109.6775,2.09
1/4/2018,109.4802,2.1
1/5/2018,109.3517,2.07
1/8/2018,109.57,2.13
1/9/2018,109.9044,2.11
1/10/2018,109.6299,2.12
1/11/2018,109.491,2.11
1/12/2018,108.9035,2.1
1/15/2018,108.9035,2.1
1/16/2018,108.3244,2.12
1/17/2018,108.155,2.18
1/18/2018,108.068,2.11
1/19/2018,107.9478,2.12
1/22/2018,108.1094,2.12
1/23/2018,108.0007,2.2
1/24/2018,107.0828,2.18
1/25/2018,106.5079,2.23
1/26/2018,106.6935,2.25
1/29/2018,107.1165,2.26
1/30/2018,107.1089,2.23
1/31/2018,106.7722,2.24
2/1/2018,106.4903,2.29
2/2/2018,107.1181,2.35
2/5/2018,107.333,2.25
2/6/2018,107.5233,2.32
2/7/2018,107.7198,2.3
2/8/2018,108.3049,2.29
2/9/2018,108.2605,2.27
2/12/2018,108.0358,2.3
2/13/2018,107.7602,2.22
2/14/2018,107.472,2.27
2/15/2018,106.9897,2.22
2/16/2018,107.0387,2.18
2/19/2018,107.0387,2.18
2/20/2018,107.6276,2.16
2/21/2018,107.8707,2.18
2/22/2018,107.8696,2.16
2/23/2018,107.6829,2.2
2/26/2018,107.7373,2.19
2/27/2018,108.1757,2.17
2/28/2018,108.3928,2.2
3/1/2018,108.5384,2.17
3/2/2018,108.5384,2.21
3/5/2018,108.3648,2.21
3/6/2018,107.8002,2.14
3/7/2018,108.0947,2.16
3/8/2018,108.2702,2.14
3/9/2018,107.9259,2.28
3/12/2018,107.9467,2.18
3/13/2018,107.7417,2.13
3/14/2018,107.8655,2.1
3/15/2018,108.2064,2.09
3/16/2018,108.4364,2.11
3/19/2018,108.3179,2.12
3/20/2018,108.4985,2.11
3/21/2018,108.4985,2.22
3/22/2018,107.9965,2.13
3/23/2018,107.7526,2.13
3/26/2018,107.1851,2.15
3/27/2018,107.3391,2.2
3/28/2018,107.5763,2.19
3/29/2018,107.6678,2.18
3/30/2018,107.4811,2.18
4/2/2018,107.7059,2.11
4/3/2018,107.5648,2.17
4/4/2018,107.6387,2.12
4/5/2018,107.7304,2.23
4/6/2018,107.7912,2.13
4/9/2018,107.534,2.12
4/10/2018,107.3679,2.16
4/11/2018,107.1244,2.16
4/12/2018,107.2924,2.21
4/13/2018,107.2386,2.25
4/16/2018,107.0616,2.16
4/17/2018,107.0362,2.27
4/18/2018,107.1118,2.28
4/19/2018,107.5219,2.22
4/20/2018,108.181,2.24
4/23/2018,108.9357,2.25
4/24/2018,108.7932,2.24
4/25/2018,109.3473,2.25
4/26/2018,109.3668,2.26
4/27/2018,109.1755,2.25
4/30/2018,109.3381,2.24
5/1/2018,109.7461,2.23
5/2/2018,110.1641,2.25
5/3/2018,110.1821,2.23
5/4/2018,110.2516,2.23
5/7/2018,110.5738,2.23
5/8/2018,111.0647,2.22
5/9/2018,110.8832,2.23
5/10/2018,110.4064,2.22
5/11/2018,110.2863,2.17
5/14/2018,110.4098,2.18
5/15/2018,111.231,2.21
5/16/2018,111.3083,2.18
5/17/2018,111.3562,2.16
5/18/2018,111.7188,2.16
5/21/2018,111.6411,2.17
5/22/2018,111.1958,2.17
5/23/2018,111.6943,2.16
5/24/2018,111.4896,2.13
5/25/2018,111.5852,2.14
5/28/2018,111.5852,2.14
5/29/2018,112.2132,2.1
5/30/2018,111.6741,2.12
5/31/2018,111.9906,2.11
6/1/2018,111.8279,2.12
6/4/2018,111.8261,2.18
6/5/2018,112.2657,2.21
6/6/2018,111.7546,2.22
6/7/2018,112.0751,2.18
6/8/2018,112.1087,2.16
6/11/2018,112.1127,2.18
6/12/2018,112.216,2.19
6/13/2018,112.2599,2.15
6/14/2018,112.861,2.17
6/15/2018,113.3398,2.16
6/18/2018,113.4919,2.16
6/19/2018,113.6408,2.17
6/20/2018,113.4804,2.18
6/21/2018,113.6131,2.17
6/22/2018,113.3069,2.17
6/25/2018,113.2886,2.14
6/26/2018,113.304,2.17
6/27/2018,113.8994,2.15
6/28/2018,113.8427,2.13
6/29/2018,113.2611,2.16
7/2/2018,114.1699,2.21
7/3/2018,113.3244,2.16
7/4/2018,113.3244,2.16
7/5/2018,112.9783,2.16
7/6/2018,112.6453,2.16
7/9/2018,112.645,2.16
7/10/2018,112.5818,2.17
7/11/2018,112.8608,2.15
7/12/2018,112.7815,2.14
7/13/2018,113.0731,2.15
7/16/2018,112.8464,2.15
7/17/2018,113.153,2.15
7/18/2018,113.3374,2.15
7/19/2018,113.949,2.17
7/20/2018,113.324,2.2
7/23/2018,113.4274,2.21
7/24/2018,113.2069,2.22
7/25/2018,112.9241,2.25
7/26/2018,112.9198,2.22
7/27/2018,112.8144,2.24
7/30/2018,112.6066,2.25
7/31/2018,112.732,2.24
8/1/2018,112.8919,2.26
8/2/2018,113.1696,2.25
8/3/2018,113.0135,2.24
8/6/2018,113.2302,2.24
8/7/2018,112.9773,2.26
8/8/2018,113.1424,2.24
8/9/2018,113.3818,2.25
8/10/2018,114.3012,2.2
8/13/2018,114.8519,2.21
8/14/2018,114.6586,2.19
8/15/2018,115.1533,2.19
8/16/2018,114.6424,2.19
8/17/2018,114.5347,2.2
8/20/2018,114.3514,2.19
8/21/2018,113.8617,2.19
8/22/2018,113.6646,2.2
8/23/2018,114.0949,2.19
8/24/2018,113.6003,2.19
8/27/2018,113.2739,2.22
8/28/2018,113.3465,2.23
8/29/2018,113.6483,2.24
8/30/2018,114.092,2.21
8/31/2018,114.2775,2.18
9/3/2018,114.2775,2.18
9/4/2018,114.8605,2.21
9/5/2018,114.7501,2.2
9/6/2018,114.6501,2.19
9/7/2018,114.5833,2.22
9/10/2018,114.682,2.22
9/11/2018,114.7071,2.23
9/12/2018,114.221,2.22
9/13/2018,113.9289,2.22
9/14/2018,114.068,2.2
9/17/2018,113.918,2.21
9/18/2018,113.776,2.25
9/19/2018,113.6552,2.28
9/20/2018,113.5012,2.28
9/21/2018,113.5122,2.28
9/24/2018,113.5326,2.29
9/25/2018,113.723,2.27
9/26/2018,113.6764,2.24
9/27/2018,113.9807,2.26
9/28/2018,113.8094,2.25
10/1/2018,113.8247,2.24
10/2/2018,113.8965,2.21
10/3/2018,114.1579,2.25
10/4/2018,114.6879,2.26
10/5/2018,114.5621,2.27
10/8/2018,114.5621,2.27
10/9/2018,114.659,2.29
10/10/2018,114.6083,2.28
10/11/2018,114.4086,2.25
10/12/2018,114.3703,2.25
10/15/2018,114.0462,2.26
10/16/2018,113.8974,2.25
10/17/2018,114.1764,2.26
10/18/2018,114.8174,2.21
10/19/2018,114.858,2.24
10/22/2018,115.1794,2.24
10/23/2018,115.1664,2.24
10/24/2018,115.3763,2.21
10/25/2018,115.4838,2.19
10/26/2018,115.4737,2.19
10/29/2018,115.8947,2.2
10/30/2018,116.2368,2.19
10/31/2018,116.5291,2.2
11/1/2018,115.8667,2.16
11/2/2018,115.6439,2.21
11/5/2018,115.704,2.21
11/6/2018,115.5633,2.22
11/7/2018,115.2531,2.21
11/8/2018,115.649,2.22
11/9/2018,116.4789,2.18
11/12/2018,116.4789,2.18
11/13/2018,116.6704,2.16
11/14/2018,116.4991,2.15
11/15/2018,116.3874,2.15
11/16/2018,115.9271,2.16
11/19/2018,115.9877,2.13
11/20/2018,116.2383,2.12
11/21/2018,116.0937,2.13
11/22/2018,116.0937,2.13
11/23/2018,116.4729,2.15
11/26/2018,116.6225,2.14
11/27/2018,116.9017,2.09
11/28/2018,116.8359,2.14
11/29/2018,116.1981,2.17
11/30/2018,116.4147,2.17
12/3/2018,115.907,2.16
12/4/2018,116.004,2.14
12/5/2018,116.004,2.14
12/6/2018,116.4011,2.11
12/7/2018,116.0866,2.1
12/10/2018,116.6765,2.07
12/11/2018,116.7581,2.04
12/12/2018,116.223,2.04
12/13/2018,116.3993,2.04
12/14/2018,116.7916,2.04
12/17/2018,116.4549,2.04
12/18/2018,116.4148,2.04
12/19/2018,116.0698,2.04
12/20/2018,116.0205,1.99
12/21/2018,116.2248,1.99
12/24/2018,116.2204,1.98
12/25/2018,116.2204,1.98
12/26/2018,116.1183,1.97
12/27/2018,115.9948,1.95
12/28/2018,115.7253,1.94
12/31/2018,115.5695,1.91
1/1/2019,115.5695,1.91
1/2/2019,115.7681,1.91
1/3/2019,115.4621,1.87
1/4/2019,114.9822,1.94
1/7/2019,114.5631,1.95
1/8/2019,114.7281,1.98
1/9/2019,114.1407,1.98
1/10/2019,114.0487,1.97
1/11/2019,114.0384,2
1/14/2019,114.0384,1.98
1/15/2019,114.3363,1.99
1/16/2019,114.1331,2
1/17/2019,114.4083,1.94
1/18/2019,114.5547,1.99
1/21/2019,114.5547,1.99
1/22/2019,114.7516,1.95
1/23/2019,114.5741,1.96
1/24/2019,114.6134,1.92
1/25/2019,114.0168,1.94
1/28/2019,114.0497,1.94
1/29/2019,114.0225,1.94
1/30/2019,114.0702,2
1/31/2019,113.5472,2
2/1/2019,113.7529,2.04
2/4/2019,113.8742,2.02
2/5/2019,114.0402,2.02
2/6/2019,114.2271,2.01
2/7/2019,114.4304,1.99
2/8/2019,114.4965,1.95
2/11/2019,115.028,1.95
2/12/2019,114.7271,1.95
2/13/2019,114.9375,1.96
2/14/2019,115.0975,1.96
2/15/2019,114.9889,1.97
2/18/2019,114.9889,1.97
2/19/2019,114.5673,1.98
2/20/2019,114.5673,1.99
2/21/2019,114.5063,2.02
2/22/2019,114.2683,2
2/25/2019,114.142,2.02
2/26/2019,114.0658,2.02
2/27/2019,114.0332,2.02
2/28/2019,114.1969,2.06
3/1/2019,114.5355,2.07
3/4/2019,114.6904,2.04
3/5/2019,114.8017,2.03
3/6/2019,114.9704,2.01
3/7/2019,115.4897,2
3/8/2019,115.3577,2
3/11/2019,115.2945,2
3/12/2019,114.9371,1.99
3/13/2019,114.7362,2
3/14/2019,114.7894,2.03
3/15/2019,114.5814,2.02
3/18/2019,114.4372,2.04
3/19/2019,114.2313,2.05
3/20/2019,114.1497,2.04
3/21/2019,114.167,2.06
3/22/2019,114.6841,2
3/25/2019,114.4156,1.99
3/26/2019,114.6398,1.97
3/27/2019,115.1232,1.94
3/28/2019,115.257,1.94
3/29/2019,115.1347,1.98
4/1/2019,114.9333,1.98
4/2/2019,115.1144,1.99
4/3/2019,114.7191,2.01
4/4/2019,114.9674,1.99
4/5/2019,114.9701,2.01
4/8/2019,114.6869,2.01
4/9/2019,114.5297,2.02
4/10/2019,114.4243,2.05
4/11/2019,114.6282,2.06
4/12/2019,114.3512,2.04
4/15/2019,114.4936,2.03
4/16/2019,114.6744,2.06
4/17/2019,114.5122,2.04
4/18/2019,114.7043,2.04
4/19/2019,114.6947,2.04
4/22/2019,114.7668,2.03
4/23/2019,115.1551,2.03
4/24/2019,115.4156,2.05
4/25/2019,115.7674,2.1
4/26/2019,115.4726,2.08
4/29/2019,115.5197,2.06
4/30/2019,115.3259,2.05
5/1/2019,115.0003,2.03
5/2/2019,115.5598,2
5/3/2019,115.2626,2.02
5/6/2019,115.3795,2.01
5/7/2019,115.6099,1.98
5/8/2019,115.5161,1.99
5/9/2019,115.8429,1.97
5/10/2019,115.5339,2.01
5/13/2019,115.9161,1.97
5/14/2019,115.9433,1.97
5/15/2019,115.8571,1.92
5/16/2019,116.0351,1.93
5/17/2019,116.4495,1.91
5/20/2019,116.3135,1.91
5/21/2019,116.2849,1.94
5/22/2019,116.2414,1.9
5/23/2019,116.2374,1.84
5/24/2019,116.0815,1.9
5/27/2019,116.0815,1.9
5/28/2019,116.3184,1.88
5/29/2019,116.5537,1.91
5/30/2019,116.3983,1.89
5/31/2019,116.7282,1.9
6/3/2019,116.4785,1.9
6/4/2019,116.0928,1.89
6/5/2019,116.0319,1.91
6/6/2019,115.9808,1.88
6/7/2019,115.7409,1.87
6/10/2019,115.5027,1.86
6/11/2019,115.3816,1.87
6/12/2019,115.4401,1.89
6/13/2019,115.629,1.85
6/14/2019,115.9061,1.78
6/17/2019,115.9693,1.77
6/18/2019,115.8793,1.79
6/19/2019,115.7891,1.81
6/20/2019,114.8039,1.9
6/21/2019,114.8377,1.86
6/24/2019,114.6579,1.85
6/25/2019,114.6382,1.82
6/26/2019,114.5626,1.84
6/27/2019,114.667,1.83
6/28/2019,114.584,1.85
7/1/2019,114.7241,1.85
7/2/2019,114.8263,1.8
7/3/2019,114.8134,1.79
7/4/2019,114.8134,1.79
7/5/2019,115.1125,1.83
7/8/2019,115.0243,1.85
7/9/2019,115.1008,1.86
7/10/2019,115.0888,1.89
7/11/2019,114.8364,1.91
7/12/2019,114.7684,1.92
7/15/2019,114.6818,1.93
7/16/2019,115.0104,1.97
7/17/2019,114.8814,1.9
7/18/2019,114.8738,1.98
7/19/2019,114.8688,2
7/22/2019,115.0014,1.99
7/23/2019,115.2984,2.01
7/24/2019,115.2422,1.99
7/25/2019,115.2971,2
7/26/2019,115.5435,1.99
7/29/2019,115.5876,1.97
7/30/2019,115.6204,1.98
7/31/2019,115.4932,1.96
8/1/2019,116.0482,1.93
8/2/2019,116.1861,1.87
8/5/2019,116.589,1.81
8/6/2019,116.6941,1.84
8/7/2019,116.8038,1.86
8/8/2019,116.4778,1.87
8/9/2019,116.4455,1.88
8/12/2019,116.7587,1.83
8/13/2019,116.7296,1.82
8/14/2019,117.0932,1.78
8/15/2019,117.2249,1.74
8/16/2019,117.0792,1.74
8/19/2019,117.3905,1.76
8/20/2019,117.3743,1.72
8/21/2019,117.1781,1.74
8/22/2019,117.3581,1.75
8/23/2019,117.305,1.73
8/26/2019,117.6704,1.74
8/27/2019,117.7548,1.74
8/28/2019,117.8813,1.74
8/29/2019,118.0667,1.79
8/30/2019,118.1602,1.75
9/2/2019,118.1602,1.75
9/3/2019,118.3132,1.71
9/4/2019,117.6748,1.71
9/5/2019,117.48,1.77
9/6/2019,117.1302,1.73
9/9/2019,117.0616,1.76
9/10/2019,117.0894,1.8
9/11/2019,117.3131,1.8
9/12/2019,116.8388,1.83
9/13/2019,116.7691,1.88
9/16/2019,117.0251,1.86
9/17/2019,116.9841,1.86
9/18/2019,116.9783,1.78
9/19/2019,117.0884,1.81
9/20/2019,117.1834,1.8
9/23/2019,117.3006,1.8
9/24/2019,117.225,1.77
9/25/2019,117.6547,1.79
9/26/2019,117.729,1.74
9/27/2019,117.7245,1.7
9/30/2019,117.9485,1.71
10/1/2019,117.9619,1.71
10/2/2019,117.9699,1.71
10/3/2019,117.6637,1.71
10/4/2019,117.531,1.73
10/7/2019,117.5553,1.75
10/8/2019,117.7419,1.71
10/9/2019,117.6853,1.74
10/10/2019,117.2822,1.75
10/11/2019,116.8261,1.78
10/14/2019,116.8261,1.78
10/15/2019,116.8123,1.79
10/16/2019,116.6446,1.79
10/17/2019,116.2638,1.66
10/18/2019,116.137,1.68
10/21/2019,116.0462,1.69
10/22/2019,115.9874,1.69
10/23/2019,116.0602,1.7
10/24/2019,116.1287,1.72
10/25/2019,116.0779,1.75
10/28/2019,116.0231,1.75
10/29/2019,115.9812,1.71
10/30/2019,116.1654,1.67
10/31/2019,115.9144,1.64
11/1/2019,115.7331,1.68
11/4/2019,115.8642,1.72
11/5/2019,116.1145,1.78
11/6/2019,116.1009,1.75
11/7/2019,116.1167,1.77
11/8/2019,116.3428,1.79
11/11/2019,116.3428,1.79
11/12/2019,116.5835,1.8
11/13/2019,116.8402,1.74
11/14/2019,116.8032,1.7
11/15/2019,116.441,1.74
11/18/2019,116.3645,1.72
11/19/2019,116.5414,1.73
11/20/2019,116.8309,1.69
11/21/2019,116.7461,1.73
11/22/2019,116.9157,1.71
11/25/2019,117.0118,1.71
11/26/2019,117.0538,1.72
11/27/2019,117.1299,1.72
11/28/2019,117.1299,1.72
11/29/2019,117.1231,1.72
12/2/2019,116.9686,1.76
12/3/2019,116.8941,1.75
12/4/2019,116.6959,1.78
12/5/2019,116.3879,1.79
12/6/2019,116.5409,1.79
12/9/2019,116.3311,1.79
12/10/2019,116.2573,1.83
12/11/2019,116.1508,1.78
12/12/2019,115.8766,1.82
12/13/2019,115.6992,1.78
12/16/2019,115.5572,1.82
12/17/2019,115.5571,1.85
12/18/2019,115.663,1.84
12/19/2019,115.6004,1.86
12/20/2019,115.7606,1.87
12/23/2019,115.8069,1.83
12/24/2019,115.8069,1.83
12/25/2019,115.8069,1.83
12/26/2019,115.635,1.82
12/27/2019,115.2219,1.82
12/30/2019,114.9654,1.84
12/31/2019,114.6709,1.86
1/1/2020,114.6709,1.86
1/2/2020,114.9755,1.88
1/3/2020,114.9872,1.85
1/6/2020,114.9566,1.81
1/7/2020,115.1473,1.81
1/8/2020,115.1317,1.82
1/9/2020,115.2319,1.81
1/10/2020,115.0666,1.85
1/13/2020,115.0328,1.84
1/14/2020,115.0219,1.84
1/15/2020,114.9518,1.83
1/16/2020,114.9986,1.8
1/17/2020,115.0621,1.82
1/20/2020,115.0621,1.82
1/21/2020,115.1851,1.82
1/22/2020,115.2247,1.8
1/23/2020,115.5526,1.76
1/24/2020,115.5531,1.74
1/27/2020,115.7983,1.7
1/28/2020,115.721,1.71
1/29/2020,115.6967,1.7
1/30/2020,115.8055,1.69
1/31/2020,115.7337,1.7
2/3/2020,116.1172,1.7
2/4/2020,115.9279,1.7
2/5/2020,116.0063,1.71
2/6/2020,116.1486,1.73
2/7/2020,116.5059,1.71
2/10/2020,116.5679,1.7
2/11/2020,116.3548,1.7
2/12/2020,116.2749,1.68
2/13/2020,116.3951,1.69
2/14/2020,116.417,1.68
2/17/2020,116.417,1.68
2/18/2020,116.5985,1.66
2/19/2020,116.7767,1.65
2/20/2020,117.2407,1.63
2/21/2020,117.0438,1.62
2/24/2020,117.4,1.61
2/25/2020,117.2406,1.54
2/26/2020,117.4042,1.58
2/27/2020,117.3688,1.58
2/28/2020,117.6588,1.49
3/2/2020,116.8165,1.5
3/3/2020,116.4973,1.56
3/4/2020,116.7807,1.58
3/5/2020,116.794,1.52
3/6/2020,116.7176,1.48
3/9/2020,117.1999,1.18
3/10/2020,117.9139,1.23
3/11/2020,118.262,1.23
3/12/2020,120.5015,1.21
3/13/2020,120.4484,1.27
3/16/2020,120.9493,1.16
3/17/2020,122.4938,1.1
3/18/2020,124.1743,1.1
3/19/2020,125.0722,0.86
3/20/2020,124.9485,1.19
3/23/2020,126.1428,1.23
3/24/2020,125.5185,1.39
3/25/2020,124.8079,1.45
3/26/2020,122.4466,1.42
3/27/2020,122.4189,1.34
3/30/2020,123.3111,1.33
3/31/2020,122.5495,1.25
4/1/2020,123.8154,1.26
4/2/2020,123.6099,1.33
4/3/2020,124.4354,1.38
4/6/2020,124.1805,1.43
4/7/2020,123.1142,1.48
4/8/2020,123.2402,1.51
4/9/2020,122.4932,1.56
4/10/2020,122.176,1.56
4/13/2020,122.5387,1.58
4/14/2020,122.1315,1.64
4/15/2020,123.095,1.51
4/16/2020,123.4804,1.36
4/17/2020,122.8895,1.35
4/20/2020,123.1228,1.32
4/21/2020,123.9315,1.34
4/22/2020,123.9471,1.43
4/23/2020,123.777,1.43
4/24/2020,124.1851,1.5
4/27/2020,123.9092,1.56
4/28/2020,123.3922,1.52
4/29/2020,122.7994,1.5
4/30/2020,122.3493,1.42
5/1/2020,123.1753,1.44
5/4/2020,123.2345,1.45
5/5/2020,122.8223,1.49
5/6/2020,123.6306,1.49
5/7/2020,123.1454,1.46
5/8/2020,122.557,1.5
5/11/2020,123.2528,1.51
5/12/2020,123.0805,1.46
5/13/2020,123.5625,1.43
5/14/2020,123.6632,1.41
5/15/2020,123.6186,1.43
5/18/2020,122.8164,1.5
5/19/2020,122.5857,1.48
5/20/2020,122.1197,1.49
5/21/2020,122.1087,1.47
5/22/2020,122.3361,1.44
5/25/2020,122.3361,1.44
5/26/2020,121.4019,1.44
5/27/2020,121.5835,1.46
5/28/2020,121.0304,1.5
5/29/2020,120.9625,1.47
6/1/2020,120.2854,1.52
6/2/2020,119.7012,1.52
6/3/2020,119.272,1.54
6/4/2020,119.3199,1.56
6/5/2020,118.8294,1.59
6/8/2020,118.6782,1.58
6/9/2020,118.6067,1.54
6/10/2020,118.5413,1.54
6/11/2020,119.2552,1.47
6/12/2020,119.6824,1.47
6/15/2020,119.9736,1.48
6/16/2020,119.5848,1.52
6/17/2020,119.9289,1.51
6/18/2020,120.2371,1.44
6/19/2020,120.2372,1.54
6/22/2020,119.7728,1.57
6/23/2020,119.3492,1.62
6/24/2020,119.9955,1.56
6/25/2020,120.3206,1.55
6/26/2020,120.5543,1.53
6/29/2020,120.6879,1.54
6/30/2020,120.4864,1.52
7/1/2020,120.1019,1.57
7/2/2020,119.8752,1.61
7/3/2020,119.8752,1.61
7/6/2020,119.3033,1.62
7/7/2020,119.5916,1.6
7/8/2020,119.5736,1.59
7/9/2020,119.5324,1.56
7/10/2020,119.3704,1.57
7/13/2020,119.209,1.57
7/14/2020,119.4113,1.55
7/15/2020,119.0535,1.54
7/16/2020,118.9479,1.52
7/17/2020,119.1452,1.57
7/20/2020,119.0706,1.55
7/21/2020,118.4261,1.56
7/22/2020,118.1567,1.56
7/23/2020,118.0852,1.61
7/24/2020,118.1577,1.67
7/27/2020,117.4115,1.66
7/28/2020,117.343,1.66
7/29/2020,117.2372,1.68
7/30/2020,117.4266,1.67
7/31/2020,117.2339,1.7
8/3/2020,117.834,1.7
8/4/2020,117.811,1.69
8/5/2020,116.9013,1.7
8/6/2020,117.0696,1.73
8/7/2020,117.6506,1.72
8/10/2020,117.6089,1.73
8/11/2020,117.4039,1.76
8/12/2020,117.2814,1.78
8/13/2020,117.1452,1.78
8/14/2020,116.9647,1.77
8/17/2020,116.7747,1.78
8/18/2020,116.5871,1.81
8/19/2020,116.5934,1.79
8/20/2020,116.8385,1.76
8/21/2020,117.0814,1.76
8/24/2020,116.9368,1.77
8/25/2020,116.8451,1.8
8/26/2020,116.6482,1.81
8/27/2020,116.6746,1.81
8/28/2020,115.9636,1.86
8/31/2020,115.785,1.91
9/1/2020,115.5944,1.87
9/2/2020,116.0543,1.85
9/3/2020,116.0912,1.77
9/4/2020,116.0569,1.83
9/7/2020,116.0569,1.83
9/8/2020,116.4831,1.81
9/9/2020,116.1494,1.85
9/10/2020,115.9001,1.84
9/11/2020,116.1053,1.77
9/14/2020,115.6608,1.76
9/15/2020,115.6074,1.8
9/16/2020,115.3699,1.79
9/17/2020,115.4549,1.75
9/18/2020,115.2557,1.76
9/21/2020,116.3957,1.74
9/22/2020,116.5609,1.74
9/23/2020,117.2726,1.72
9/24/2020,117.5682,1.71
9/25/2020,117.8886,1.73
9/28/2020,117.6393,1.74
9/29/2020,117.5484,1.79
9/30/2020,116.9668,1.76
10/1/2020,116.7437,1.78
10/2/2020,116.7511,1.8
10/5/2020,116.1954,1.84
10/6/2020,116.2866,1.81
10/7/2020,116.3631,1.88
10/8/2020,116.1836,1.88
10/9/2020,115.2913,1.9
10/12/2020,115.2913,1.9
10/13/2020,115.9272,1.88
10/14/2020,115.7033,1.86
10/15/2020,116.1111,1.86
10/16/2020,115.7815,1.89
10/19/2020,115.4171,1.89
10/20/2020,115.262,1.91
10/21/2020,114.9252,1.92
10/22/2020,115.13,1.84
10/23/2020,115.0261,1.84
10/26/2020,115.2934,1.81
10/27/2020,115.0267,1.78
10/28/2020,115.8157,1.79
10/29/2020,116.319,1.81
10/30/2020,116.1464,1.81
11/2/2020,116.2476,1.82
11/3/2020,115.4917,1.82
11/4/2020,115.178,1.72
11/5/2020,114.4662,1.77
11/6/2020,114.0021,1.76
11/9/2020,114.0977,1.83
11/10/2020,114.0836,1.83
11/11/2020,114.0836,1.83
11/12/2020,114.292,1.79
11/13/2020,114.2474,1.8
11/16/2020,113.8384,1.8
11/17/2020,113.689,1.77
11/18/2020,113.4675,1.77
11/19/2020,113.701,1.78
11/20/2020,113.4958,1.77
11/23/2020,113.7617,1.8
11/24/2020,113.4394,1.83
11/25/2020,113.1903,1.83
11/26/2020,113.1903,1.83
11/27/2020,113.1903,1.83
11/30/2020,113.2346,1.86
12/1/2020,112.8162,1.9
12/2/2020,112.6216,1.94
12/3/2020,112.0336,1.94
12/4/2020,111.7863,1.95
12/7/2020,111.8469,1.92
12/8/2020,111.8715,1.94
12/9/2020,112.0388,1.98
12/10/2020,111.9881,1.93
12/11/2020,112.1515,1.92
12/14/2020,112.182,1.92
12/15/2020,111.871,1.96
12/16/2020,111.7262,1.94
12/17/2020,111.2339,1.98
12/18/2020,111.619,1.98
12/21/2020,111.9528,2
12/22/2020,112.2053,1.96
12/23/2020,111.9926,2.01
12/24/2020,111.9926,2.02
12/25/2020,111.9926,2.02
12/28/2020,111.9874,2.02
12/29/2020,111.5289,2.02
12/30/2020,111.3207,2
12/31/2020,111.3289,2.03
1/1/2021,111.3289,2.03
1/4/2021,111.217,2.04
1/5/2021,110.961,2.05
1/6/2021,110.8645,2.08
1/7/2021,111.3124,2.09
1/8/2021,111.294,2.05
1/11/2021,111.8309,2.08
1/12/2021,111.5577,2.1
1/13/2021,111.3738,2.08
1/14/2021,111.1718,2.09
1/15/2021,111.5263,2.11
1/18/2021,111.5263,2.11
1/19/2021,111.4656,2.08
1/20/2021,111.4656,2.09
1/21/2021,111.2088,2.02
1/22/2021,111.5525,2.02
1/25/2021,111.8617,2.01
1/26/2021,111.6516,2.01
1/27/2021,112.0706,2.01
1/28/2021,111.9977,2.08
1/29/2021,111.9455,2.05
2/1/2021,112.4154,2.04
2/2/2021,112.2957,2.07
2/3/2021,112.2654,2.11
2/4/2021,112.7501,2.09
2/5/2021,112.2477,2.14
2/8/2021,112.0516,2.13
2/9/2021,111.7674,2.13
2/10/2021,111.5878,2.11
2/11/2021,111.5372,2.08
2/12/2021,111.5016,2.07
2/15/2021,111.5016,2.07
2/16/2021,111.7981,2.11
2/17/2021,112.0337,2.07
2/18/2021,112.1653,2.03
2/19/2021,111.7086,1.99
2/22/2021,111.9066,1.97
2/23/2021,111.8926,1.97
2/24/2021,111.7265,1.96
2/25/2021,111.9134,1.94
2/26/2021,112.8163,1.91
3/1/2021,112.5266,1.92
3/2/2021,112.5296,1.97
3/3/2021,112.7543,1.97
3/4/2021,112.7095,1.97
3/5/2021,113.7501,2.01
3/8/2021,114.2699,2
3/9/2021,113.9278,2.01
3/10/2021,113.5992,2.05
3/11/2021,112.9392,2.05
3/12/2021,113.0491,2.01
3/15/2021,113.2171,2
3/16/2021,113.0142,2.01
3/17/2021,113.1834,2.02
3/18/2021,112.805,2.04
3/19/2021,113.0073,2.11
3/22/2021,113.0269,2.15
3/23/2021,113.3179,2.1
3/24/2021,113.6794,2.09
3/25/2021,114.0262,2.1
3/26/2021,113.7691,2.11
3/29/2021,113.9594,2.16
3/30/2021,114.2332,2.18
3/31/2021,113.8642,2.2
4/1/2021,113.7803,2.15
4/2/2021,113.7743,2.14
4/5/2021,113.4328,2.15
4/6/2021,113.183,2.12
4/7/2021,113.275,2.15
4/8/2021,113.1238,2.11
4/9/2021,113.2334,2.11
4/12/2021,113.2081,2.14
4/13/2021,113.0642,2.12
4/14/2021,112.8075,2.1
4/15/2021,112.6482,2.11
4/16/2021,112.5126,2.15
4/19/2021,112.2061,2.12
4/20/2021,112.2528,2.12
4/21/2021,112.196,2.13
4/22/2021,112.2543,2.24
4/23/2021,112.11,2.24
4/26/2021,111.8371,2.25
4/27/2021,111.9358,2.27
4/28/2021,111.8195,2.28
4/29/2021,111.7731,2.28
4/30/2021,112.1151,2.25
5/3/2021,112.0298,2.24
5/4/2021,112.3155,2.22
5/5/2021,112.1789,2.26
5/6/2021,111.8718,2.24
5/7/2021,111.0562,2.33
5/10/2021,110.8214,2.37
5/11/2021,110.9218,2.38
5/12/2021,111.5963,2.36
5/13/2021,111.6295,2.37
5/14/2021,111.1712,2.34
5/17/2021,111.1111,2.36
5/18/2021,110.8629,2.32
5/19/2021,110.9092,2.3
5/20/2021,110.8864,2.23
5/21/2021,111.0841,2.24
5/24/2021,110.9345,2.24
5/25/2021,110.8653,2.21
5/26/2021,110.8916,2.2
5/27/2021,110.8973,2.25
5/28/2021,110.7905,2.27
5/31/2021,110.7905,2.27
6/1/2021,110.5378,2.32
6/2/2021,110.616,2.29
6/3/2021,111.2199,2.28
6/4/2021,110.7899,2.26
6/7/2021,110.5559,2.27
6/8/2021,110.6914,2.25
6/9/2021,110.6149,2.23
6/10/2021,110.5895,2.23
6/11/2021,111.1327,2.21
6/14/2021,111.0083,2.28
6/15/2021,111.3845,2.3
6/16/2021,111.1528,2.23
6/17/2021,112.6104,2.23
6/18/2021,113.0684,2.11
6/21/2021,112.8643,2.09
6/22/2021,112.9452,2.16
6/23/2021,112.4198,2.19
6/24/2021,112.3723,2.15
6/25/2021,112.0183,2.22
6/28/2021,112.0757,2.21
6/29/2021,112.3115,2.18
6/30/2021,112.6067,2.17
7/1/2021,112.7911,2.21
7/2/2021,112.5964,2.17
7/5/2021,112.5964,2.17
7/6/2021,112.9925,2.14
7/7/2021,113.1391,2.13
7/8/2021,113.1043,2.06
7/9/2021,112.8679,2.12
7/12/2021,112.7943,2.18
7/13/2021,113.0386,2.16
7/14/2021,112.9126,2.15
7/15/2021,113.0353,2.11
7/16/2021,113.0775,2.14
7/19/2021,113.568,2.07
7/20/2021,113.7758,2.12
7/21/2021,113.4199,2.11
7/22/2021,113.4956,2.1
7/23/2021,113.472,2.17
7/26/2021,113.2498,2.21
7/27/2021,113.2446,2.21
7/28/2021,113.206,2.25
7/29/2021,112.5096,2.28
7/30/2021,112.6979,2.24
8/2/2021,112.6922,2.23
8/3/2021,112.8405,2.25
8/4/2021,112.914,2.2
8/5/2021,112.7909,2.2
8/6/2021,113.3323,2.24
8/9/2021,113.4754,2.24
8/10/2021,113.5259,2.27
8/11/2021,113.3137,2.29
8/12/2021,113.3048,2.27
8/13/2021,113.0913,2.22
8/16/2021,113.1924,2.22
8/17/2021,113.642,2.17
8/18/2021,113.723,2.16
8/19/2021,114.1303,2.11
8/20/2021,114.5137,2.14
8/23/2021,113.957,2.11
8/24/2021,113.6984,2.15
8/25/2021,113.6543,2.19
8/26/2021,113.8091,2.16
8/27/2021,113.3661,2.25
8/30/2021,113.2793,2.23
8/31/2021,113.1485,2.18
9/1/2021,112.9137,2.2
9/2/2021,112.8259,2.17
9/3/2021,112.5855,2.2
9/6/2021,112.5855,2.2
9/7/2021,113.0161,2.21
9/8/2021,113.2648,2.23
9/9/2021,113.0709,2.21
9/10/2021,112.975,2.25
9/13/2021,113.0678,2.21
9/14/2021,113.0354,2.17
9/15/2021,113.0079,2.19
9/16/2021,113.3379,2.17
9/17/2021,113.6335,2.15
9/20/2021,113.9661,2.15
9/21/2021,113.844,2.14
9/22/2021,113.6522,2.15
9/23/2021,113.5469,2.14
9/24/2021,113.795,2.21
9/27/2021,113.7791,2.2
9/28/2021,114.2787,2.23
9/29/2021,114.7447,2.22
9/30/2021,114.6718,2.23
10/1/2021,114.4094,2.25
10/4/2021,114.2983,2.23
10/5/2021,114.3892,2.31
10/6/2021,114.7402,2.29
10/7/2021,114.5291,2.31
10/8/2021,114.6203,2.36
10/11/2021,114.6203,2.36
10/12/2021,114.7851,2.34
10/13/2021,114.5015,2.36
10/14/2021,114.2395,2.35
10/15/2021,114.1309,2.41
10/18/2021,114.0304,2.37
10/19/2021,113.6874,2.37
10/20/2021,113.5511,2.37
10/21/2021,113.6538,2.34
10/22/2021,113.706,2.37
10/25/2021,113.6464,2.37
10/26/2021,113.7197,2.39
10/27/2021,113.6649,2.34
10/28/2021,113.4735,2.24
10/29/2021,114.1716,2.13
11/1/2021,114.2349,2.14
11/2/2021,114.3152,2.18
11/3/2021,114.3866,2.2
11/4/2021,114.3904,2.24
11/5/2021,114.1159,2.21
11/8/2021,113.8681,2.3
11/9/2021,113.8072,2.3
11/10/2021,114.1996,2.32
11/11/2021,114.1996,2.32
11/12/2021,114.5627,2.35
11/15/2021,114.6352,2.35
11/16/2021,115.1843,2.29
11/17/2021,115.0723,2.26
11/18/2021,115.107,2.35
11/19/2021,115.2562,2.28
11/22/2021,115.6896,2.24
11/23/2021,116.0464,2.24
11/24/2021,116.3081,2.19
11/25/2021,116.3081,2.19
11/26/2021,116.5112,2.18
11/29/2021,116.5858,2.17
11/30/2021,116.2178,2.2
12/1/2021,115.8992,2.18
12/2/2021,116.0314,2.21
12/3/2021,116.2445,2.14
12/6/2021,116.1674,2.09
12/7/2021,115.8815,2.1
12/8/2021,115.4694,2.16
12/9/2021,115.8058,2.14
12/10/2021,115.5967,2.12
12/13/2021,115.8625,2.07
12/14/2021,116.2524,2.08
12/15/2021,116.4299,2.11
12/16/2021,115.7307,2.14
12/17/2021,115.8123,2.11
12/20/2021,116.0211,2.13
12/21/2021,116.1256,2.19
12/22/2021,115.7657,2.24
12/23/2021,115.5575,2.22
12/24/2021,115.5575,2.22
12/27/2021,115.4964,2.25
12/28/2021,115.4497,2.22
12/29/2021,115.3964,2.23
12/30/2021,115.3163,2.3
12/31/2021,115.3163,2.25
1/3/2022,115.4344,2.25
1/4/2022,115.3509,2.21
1/5/2022,115.1831,2.19
1/6/2022,115.451,2.15
1/7/2022,115.0949,2.18
1/10/2022,115.2634,2.19
1/11/2022,114.889,2.21
1/12/2022,114.4078,2.14
1/13/2022,114.2313,2.09
1/14/2022,114.4295,2.09
1/17/2022,114.4295,2.09
1/18/2022,114.7828,2.12
1/19/2022,114.6541,2.07
1/20/2022,114.5125,1.92
1/21/2022,114.6534,1.98
1/24/2022,115.2276,2.02
1/25/2022,115.1907,2.04
1/26/2022,115.1264,2.01
1/27/2022,116.0127,2.04
1/28/2022,116.0637,2.08
1/31/2022,115.611,2.06
2/1/2022,115.4098,2.06
2/2/2022,115.1917,2.03
2/3/2022,114.9501,2
2/4/2022,115.1732,2.04
2/7/2022,115.0495,2.05
2/8/2022,115.1317,2.07
2/9/2022,114.8719,2.06
2/10/2022,114.6087,2.09
2/11/2022,114.8964,2.04
2/14/2022,115.2428,2.05
2/15/2022,114.9784,2.07
2/16/2022,114.7394,2.05
2/17/2022,114.7266,1.99
2/18/2022,114.8487,1.96
2/21/2022,114.8487,1.96
2/22/2022,114.7578,2.01
2/23/2022,114.729,2.05
2/24/2022,115.987,2.05
2/25/2022,115.3149,2.06
2/28/2022,115.313,2.13
3/1/2022,115.8932,2.1
3/2/2022,115.8498,2.19
3/3/2022,116.0419,2.21
3/4/2022,116.7313,2.15
3/7/2022,117.4421,2.25
3/8/2022,117.6898,2.37
3/9/2022,116.716,2.35
3/10/2022,116.8566,2.3
3/11/2022,117.1415,2.36
3/14/2022,117.2681,2.36
3/15/2022,117.3366,2.26
3/16/2022,116.9088,2.26
3/17/2022,116.1617,2.31
3/18/2022,116.2705,2.24
3/21/2022,116.0795,2.28
3/22/2022,116.2307,2.3
3/23/2022,116.1466,2.31
3/24/2022,116.1156,2.27
3/25/2022,115.958,2.31
3/28/2022,116.344,2.34
3/29/2022,115.7168,2.32
3/30/2022,115.2245,2.31
3/31/2022,115.3456,2.34
4/1/2022,115.6251,2.32
4/4/2022,115.5679,2.32
4/5/2022,115.8748,2.37
4/6/2022,116.1355,2.38
4/7/2022,116.4626,2.38
4/8/2022,116.5353,2.41
4/11/2022,116.679,2.45
4/12/2022,116.5305,2.41
4/13/2022,116.4239,2.35
4/14/2022,116.8916,2.45
4/15/2022,116.8441,2.45
4/18/2022,116.9885,2.48
4/19/2022,117.2858,2.5
4/20/2022,116.8998,2.48
4/21/2022,117.3118,2.67
4/22/2022,118.1736,2.59
4/25/2022,118.7683,2.55
4/26/2022,119.0919,2.45
4/27/2022,119.6006,2.48
4/28/2022,120.2144,2.55
4/29/2022,119.6421,2.46
5/2/2022,120.0229,2.41
5/3/2022,119.8435,2.45
5/4/2022,119.6936,2.48
5/5/2022,120.1389,2.51
5/6/2022,120.0159,2.5
5/9/2022,120.6525,2.44
5/10/2022,120.9284,2.38
5/11/2022,120.5382,2.4
5/12/2022,121.4119,2.29
5/13/2022,120.9998,2.35
5/16/2022,120.8458,2.32
5/17/2022,120.0502,2.34
5/18/2022,120.18,2.39
5/19/2022,119.562,2.21
5/20/2022,119.502,2.22
5/23/2022,118.8381,2.28
5/24/2022,118.7258,2.23
5/25/2022,119.0878,2.24
5/26/2022,118.9273,2.28
5/27/2022,118.4545,2.31
5/30/2022,118.4545,2.31
5/31/2022,118.2429,2.32
6/1/2022,118.8763,2.34
6/2/2022,118.2531,2.35
6/3/2022,118.4066,2.44
6/6/2022,118.4867,2.47
6/7/2022,118.6308,2.43
6/8/2022,118.6011,2.44
6/9/2022,119.1061,2.42
6/10/2022,120.1624,2.39
6/13/2022,121.2877,2.37
6/14/2022,121.7973,2.32
6/15/2022,121.7546,2.4
6/16/2022,120.7654,2.37
6/17/2022,121.3486,2.36
6/20/2022,121.3486,2.36
6/21/2022,120.7491,2.38
6/22/2022,120.6333,2.34
6/23/2022,120.8609,2.31
6/24/2022,120.5844,2.3
6/27/2022,120.2774,2.31
6/28/2022,120.7207,2.23
6/29/2022,121.0481,2.13
6/30/2022,121.054,2.08
7/1/2022,121.5779,2.08
7/4/2022,121.5779,2.08
7/5/2022,122.699,2.09
7/6/2022,123.0661,2.1
7/7/2022,122.8011,2.13
7/8/2022,122.5503,2.12
7/11/2022,123.3678,2.08
7/12/2022,123.4954,2.14
7/13/2022,123.3349,2.11
7/14/2022,124.1127,2.14
7/15/2022,123.5454,2.13
7/18/2022,122.8542,2.11
7/19/2022,122.5571,2.11
7/20/2022,122.6759,2.09
7/21/2022,122.9741,2.11
7/22/2022,122.5116,2.12
7/25/2022,122.5253,2.14
7/26/2022,122.8323,2.16
7/27/2022,122.894,2.23
7/28/2022,122.1894,2.29
7/29/2022,121.8526,2.33
8/1/2022,121.5001,2.3
8/2/2022,122.0121,2.27
8/3/2022,122.4589,2.28
8/4/2022,121.916,2.28
8/5/2022,122.4112,2.28
8/8/2022,121.9674,2.31
8/9/2022,121.9555,2.28
8/10/2022,120.8527,2.25
8/11/2022,120.8212,2.27
8/12/2022,121.1306,2.27
8/15/2022,121.5445,2.26
8/16/2022,121.8022,2.27
8/17/2022,122.1803,2.27
8/18/2022,122.4603,2.34
8/19/2022,123.1541,2.38
8/22/2022,123.7166,2.4
8/23/2022,123.172,2.39
8/24/2022,123.2385,2.45
8/25/2022,123.1836,2.43
8/26/2022,123.2019,2.41
8/29/2022,123.6185,2.45
8/30/2022,123.8334,2.43
8/31/2022,123.6748,2.38
9/1/2022,124.5364,2.38
9/2/2022,123.9261,2.39
9/5/2022,123.9261,2.39
9/6/2022,124.9312,2.4
9/7/2022,125.0185,2.39
9/8/2022,124.756,2.36
9/9/2022,123.9551,2.33
9/12/2022,123.5084,2.32
9/13/2022,124.5838,2.32
9/14/2022,124.6123,2.3
9/15/2022,125.0439,2.29
9/16/2022,125.0338,2.27
9/19/2022,125.174,2.24
9/20/2022,125.2921,2.32
9/21/2022,125.9083,2.29
9/22/2022,126.3149,2.37
9/23/2022,127.4232,2.36
9/26/2022,128.5773,2.31
9/27/2022,128.58,2.31
9/28/2022,128.2291,2.29
9/29/2022,127.6627,2.2
9/30/2022,127.6413,2.16
10/3/2022,127.2201,2.22
10/4/2022,126.339,2.2
10/5/2022,127.0138,2.18
10/6/2022,127.3968,2.15
10/7/2022,127.4628,2.18
10/10/2022,127.4628,2.18
10/11/2022,127.8368,2.26
10/12/2022,128.3203,2.26
10/13/2022,127.9007,2.3
10/14/2022,128.4973,2.38
10/17/2022,127.8162,2.42
10/18/2022,128.0829,2.4
10/19/2022,128.5655,2.38
10/20/2022,128.1747,2.37
10/21/2022,127.8337,2.35
10/24/2022,128.1976,2.46
10/25/2022,127.5509,2.4
10/26/2022,126.6202,2.32
10/27/2022,126.8694,2.33
10/28/2022,127.3892,2.4
10/31/2022,127.8126,2.37
11/1/2022,127.5861,2.37
11/2/2022,127.4997,2.38
11/3/2022,128.3657,2.26
11/4/2022,127.3506,2.35
11/7/2022,126.4947,2.39
11/8/2022,125.836,2.39
11/9/2022,126.191,2.31
11/10/2022,124.8818,2.31
